"Id","item_id","class","name"
"1","02000000","consume","红色药水"
"2","02000001","consume","橙色药水"
"3","02000002","consume","白色药水"
"4","02000003","consume","蓝色药水"
"5","02010000","consume","苹果"
"6","02010009","consume","青苹果"
"7","02022253","consume","蘑菇棒棒糖"
"8","04000000","material","蓝色蜗牛壳"
"9","04000001","material","花蘑菇盖"
"10","04000011","material","蘑菇芽孢"
"11","04000016","material","红色蜗牛壳"
"12","04000019","material","绿色蜗牛壳"
"13","04000642","material","变异的蜗牛壳"
"14","04000643","material","变异的蘑菇盖"
"15","04031792","material","蘑菇棒棒糖"
"16","100000001","material","特殊小石球的碎片"
"17","100000002","consume","测试员用棒棒糖"
"18","100000003","consume","罗杰的苹果"
"19","100000004","material","番茄袋"
"20","04000010","material","绿水灵珠"
"21","01302007","equip","大剑"
"22","01302120","equip","剑"
"23","01312004","equip","小斧"
"24","01322005","equip","棍棒"
"25","01332005","equip","刮胡刀"
"26","01332007","equip","短刀"
"27","01040002","equip","白棉T恤"
"28","01040006","equip","白色背心"
"29","01040010","equip","灰棉T恤"
"30","01041002","equip","白色无袖短T"
"31","01041006","equip","黄色短T"
"32","01041010","equip","绿色短T"
"33","01041011","equip","红线无袖衫"
"34","01060001","equip","没名字"
"35","01060002","equip","蓝牛仔短裤"
"36","01060006","equip","黄牛仔短裤"
"37","01061002","equip","红超短裙"
"38","01061008","equip","蓝超短裙"
"39","01072001","equip","红橡胶长靴"
"40","01072005","equip","皮制凉鞋"
"41","01072037","equip","黄橡胶长靴"
"42","01072038","equip","蓝橡胶长靴"
"43","0","coin","没名字"
"44","04000003","material","树枝"
"45","04000004","material","绿液球"
"46","04000017","material","猪头"
"47","04000021","material","动物皮"
"48","04000002","material","蝴蝶结"
"49","04000039","material","铁甲猪的铁蹄"
"50","01442012","equip","天空雪板"
"51","04000006","material","三眼章鱼触角"
"52","04000009","material","蓝蘑菇盖"
"53","04000012","material","绿蘑菇盖"
"54","04000029","material","香蕉"
"55","02070000","consume","海星镖"
"56","02501000","consume","能力点初始化卷轴"
"57","01312000","equip","双刃斧"
"58","01472000","equip","拳套"
"59","01041104","fashion","女青年装"
"60","01040027","fashion","男青年装"
"61","01042018","fashion","爱心T恤"
"62","01040101","fashion","骷髅T恤"
"63","01041125","fashion","彩虹衫"
"64","01042032","fashion","黄蜘蛛衫"
"65","01042036","fashion","红色冬恋大衣"
"66","01042037","fashion","白色冬恋大衣"
"67","01042038","fashion","红运动衫"
"68","01042000","fashion","朱红连帽坎肩"
"69","01062015","fashion","个性牛仔裤"
"70","01060108","fashion","长短裤"
"71","01061113","fashion","夏威夷草裙"
"72","01061124","fashion","粉红线内服"
"73","01062003","fashion","红色街舞裤"
"74","01062005","fashion","蓝色街舞裤"
"75","01062031","fashion","黄格子裤"
"76","01062032","fashion","荒野枪手中裤"
"77","01062033","fashion","红方格子裤"
"78","01062034","fashion","白方格子裤"
"79","01072111","fashion","黑皮中靴"
"80","01070003","fashion","波斯靴"
"81","01071009","fashion","高脚登山靴(红)"
"82","01070004","fashion","高脚登山靴(蓝)"
"83","01071002","fashion","花少女鞋子"
"84","01071003","fashion","圣诞鞋"
"85","01071007","fashion","兔兔鞋"
"86","01070001","fashion","黑圣诞鞋"
"87","01072176","fashion","军靴"
"88","01072189","fashion","兔兔拖"
"89","01072153","fashion","透明鞋"
"90","02060000","consume","弓矢"
"91","02060001","consume","青铜弓矢"
"92","02060002","consume","钢铁弓矢"
"93","02061000","consume","弩矢"
"94","02061001","consume","青铜弩矢"
"95","02061002","consume","钢铁弩矢"
"96","01452002","equip","长弓"
"97","04000018","material","木块"
"98","02500000","consume","技能点初始化卷轴"
"99","01072017","equip","蓝多罗鞋"
"100","01072062","equip","红多罗鞋"
"101","01072063","equip","褐多罗鞋"
"102","01062000","equip","白牛仔裤"
"103","01062001","equip","蓝牛仔裤"
"104","01072008","equip","褐短鞋"
"105","01072048","equip","黄短鞋"
"106","01072049","equip","绿短鞋"
"107","04000015","material","刺蘑菇盖"
"108","01372005","equip","木制短杖"
"109","02000000_1","consume","红色药水（绑定）"
"110","02000003_1","consume","蓝色药水（绑定）"
"111","100000005","material","爱国福"
"112","100000006","material","富强福"
"113","100000007","material","和谐福"
"114","100000008","material","友善福"
"115","100000009","material","敬业福"
"116","100000010","consume","特制元宵"
"117","03010000","chair","休闲椅"
"118","04031161","material","旧螺丝钉"
"119","04031162","material","旧木板"
"120","04000020","material","野猪尖牙"
"121","04000024","material","火野猪尖牙"
"122","04000215","material","斧头"
"123","04000005","material","叶子"
"124","01042012","fashion","黄色滑雪服"
"125","01042013","fashion","绿色滑雪服"
"126","01042016","fashion","粉红滑雪服"
"127","01042017","fashion","淡蓝滑雪服"
"128","01040078","fashion","乖仔衣"
"129","01042029","fashion","三眼章鱼T恤"
"130","01042030","fashion","绿水灵T恤"
"131","01042031","fashion","花蘑菇T恤"
"132","100000011","consume","生日蛋糕"
"133","01302002","equip","海盗剑"
"134","01302003","equip","太阳剑"
"135","01302005","equip","武士刀"
"136","02430768","consume","装备栏扩展券"
"137","02430769","consume","消耗栏扩展券"
"138","02430770","consume","椅子栏扩展券"
"139","02430771","consume","材料栏扩展券"
"140","02430772","consume","时装栏扩展券"
"141","100000012","chair","小板凳"
"142","100000013","chair","赞助商椅子"
"143","01040015","equip","褐战士甲"
"144","01040038","equip","蓝战士甲"
"145","01040009","equip","铁胸甲"
"146","01040037","equip","青铜胸甲"
"147","01040012","equip","蓝军官铠甲"
"148","01040016","equip","紫矿军官铠甲"
"149","01040041","equip","黑军官铠甲"
"150","01040021","equip","红龙服"
"151","01040026","equip","绿龙服"
"152","01040039","equip","红军官铠甲"
"153","01040040","equip","银军官铠甲"
"154","01302008","equip","战剑"
"155","01372006","equip","高级木制短杖"
"156","01372002","equip","金属短杖"
"157","01372004","equip","冰精短杖"
"158","01372003","equip","锂矿短杖"
"159","01382000","equip","木制长杖"
"160","01382003","equip","蓝宝石长杖"
"161","01382005","equip","祖母绿长杖"
"162","01382004","equip","古树长杖"
"163","01382002","equip","法师长杖"
"164","01040004","equip","蓝修炼服"
"165","01040017","equip","灰修炼服"
"166","01040018","equip","黑伽蓝"
"167","01040019","equip","朱红伽蓝"
"168","01040020","equip","蓝伽蓝"
"169","01050008","equip","褐魔法袍"
"170","01050009","equip","蓝魔法袍"
"171","01050010","equip","绿魔法袍"
"172","01040036","equip","海魂衫"
"173","01050023","equip","蓝贤者之袍"
"174","01050024","equip","黄贤者之袍"
"175","01050025","equip","白贤者之袍"
"176","01050003","equip","蓝祭司长袍"
"177","01050026","equip","白祭司长袍"
"178","01050027","equip","黑祭司长袍"
"179","01050028","equip","绿祭司长袍"
"180","01452003","equip","钢铁弓"
"181","01452001","equip","打猎弓"
"182","01452000","equip","战斗弓"
"183","01462001","equip","弩弓"
"184","01462002","equip","战斗弩弓"
"185","01462003","equip","猎弩弓"
"186","01462000","equip","山羊弩"
"187","01040008","equip","褐旅行服"
"188","01040071","equip","草色旅行服"
"189","01040007","equip","绿连帽弓箭手服"
"190","01040011","equip","银连帽弓箭手服"
"191","01040003","equip","褐色皮甲"
"192","01040022","equip","绿打猎服"
"193","01040023","equip","黑打猎服"
"194","01040024","equip","蓝打猎服"
"195","01040025","equip","红打猎服"
"196","01040067","equip","绿浪人之服"
"197","01040068","equip","黑浪人之服"
"198","01040070","equip","蓝浪人之服"
"199","01062004","equip","绿色皮裤"
"200","01062002","equip","褐色皮制裤"
"201","01062006","equip","打猎裤"
"202","01060056","equip","绿浪人之裤"
"203","01060057","equip","黑浪人之裤"
"204","01060058","equip","红浪人之裤"
"205","01060059","equip","蓝浪人之裤"
"206","01072015","equip","褐硬皮鞋"
"207","01072059","equip","绿硬皮鞋"
"208","01072016","equip","绿软布鞋"
"209","01072060","equip","褐软布鞋"
"210","01072061","equip","蓝软布鞋"
"211","01072025","equip","鹿毛鞋"
"212","01072026","equip","兔毛鞋"
"213","01072067","equip","熊毛鞋"
"214","01072068","equip","狮子毛鞋"
"215","01072012","equip","红皮鞋"
"216","01072054","equip","朱红皮鞋"
"217","01072055","equip","粉红皮鞋"
"218","01072056","equip","蓝皮鞋"
"219","01072018","equip","蓝帆布鞋"
"220","01072064","equip","红帆布鞋"
"221","01040069","equip","红浪人之服"
"222","01041073","fashion","乖囡衣"
"223","01040119","fashion","乞丐服"
"224","01041072","fashion","西部牛仔上衣(女款)"
"225","01040077","fashion","西部牛仔上衣(男款)"
"226","01041090","fashion","粉红吊带背心"
"227","01040001","fashion","黑西装"
"228","01042023","fashion","蓝色便装"
"229","01042024","fashion","红色便装"
"230","01061112","fashion","粉红女便装裤"
"231","01062025","fashion","蓝便装裤"
"232","01062026","fashion","红便装裤"
"233","01040045","fashion","红色运动服"
"234","01040046","fashion","白色运动服"
"235","01040047","fashion","黑色运动服"
"236","01040051","fashion","青色运动服"
"237","01040052","fashion","绿色运动服"
"238","01040053","fashion","橙色运动服"
"239","01041046","fashion","粉红无袖衫"
"240","01472001","equip","钢铁拳套"
"241","01472004","equip","青铜指虎"
"242","01472007","equip","狼牙"
"243","01472008","equip","钢铁斗拳"
"244","01332000","equip","三角刃"
"245","01332002","equip","三指刃"
"246","01332013","equip","飞影刃"
"247","01332004","equip","双枝短刀"
"248","01332012","equip","水晶刃"
"249","01040031","equip","青梦"
"250","01040032","equip","红梦"
"251","01040033","equip","黑梦"
"252","01040034","equip","黑夜"
"253","01040035","equip","青夜"
"254","01040042","equip","蓝唐衫"
"255","01040043","equip","红唐衫"
"256","01040044","equip","黑唐衫"
"257","01040048","equip","褐敏捷之服"
"258","01040049","equip","蓝敏捷之服"
"259","01040050","equip","黑敏捷之服"
"260","01040057","equip","黑褐寂靜之服"
"261","01040058","equip","黑银寂靜之服"
"262","01040059","equip","红金寂靜之服"
"263","01040060","equip","银黑寂靜之服"
"264","01060021","equip","青梦裤"
"265","01060022","equip","红梦裤"
"266","01060023","equip","黑梦裤"
"267","01060024","equip","黑夜裤"
"268","01060025","equip","青夜裤"
"269","01060031","equip","蓝唐衫裤"
"270","01060032","equip","红唐衫裤"
"271","01060033","equip","黑唐衫裤"
"272","01060037","equip","黑褐敏捷之裤"
"273","01060038","equip","褐敏捷之裤"
"274","01060039","equip","黑敏捷之裤"
"275","01060043","equip","黑褐寂靜之裤"
"276","01060044","equip","黑银寂靜之裤"
"277","01060045","equip","红金寂靜之裤"
"278","01060046","equip","银黑寂靜之裤"
"279","01072070","equip","蓝冒险鞋"
"280","01072071","equip","褐冒险鞋"
"281","01072028","equip","白忍者涼鞋"
"282","01072029","equip","黄忍者涼鞋"
"283","01072030","equip","蓝忍者涼鞋"
"284","01072031","equip","红忍者涼鞋"
"285","01072022","equip","黑漆皮鞋"
"286","01072065","equip","红漆皮鞋"
"287","01072066","equip","蓝漆皮鞋"
"288","01442013","equip","沧海雪板"
"289","02070001","consume","回旋镖"
"290","04000034","material","蛇皮"
"291","04000007","material","火独眼兽之尾"
"292","04000008","material","道符"
"293","04000013","material","风独眼兽之尾"
"294","04000014","material","龙的头骨"
"295","04000023","material","冰独眼兽之尾"
"296","04000025","material","没名字"
"297","04000026","material","没名字"
"298","04000027","material","怪猫的眼"
"299","04000028","material","月牙牛魔王的角"
"300","04000030","material","龙皮"
"301","04000031","material","诅咒娃娃"
"302","04000032","material","鳄鱼皮"
"303","04000033","material","黑鳄鱼皮"
"304","04000035","material","桌布"
"305","04000036","material","奇妙的药"
"306","04000037","material","蓝水灵大水珠"
"307","04000038","material","没名字"
"308","04003004","material","粗羽毛"
"309","100000014","consume","枫之息精品粽"
"310","100000015","consume","冒险扶持包（7天）"
"311","100000016","material","初级双倍经验药水"
"312","100000017","material","中级双倍经验药水"
"313","100000018","material","高级双倍经验药水"
"314","100000020","quest","小队训练场副本币"
"315","100000021","material","顺风包裹"
"316","01452005","equip","雷电"
"317","01382017","equip","金轮杖"
"318","02070002","consume","黑色利刃"
"319","02070003","consume","雪花镖"
"320","02070004","consume","黑色刺"
"321","02070005","consume","金钱镖"
"322","02070006","consume","齿轮镖"
"323","02070007","consume","月牙镖"
"324","04000040","material","蘑菇王芽孢"
"325","04000068","material","蝴蝶精的触角"
"326","04031003","quest","镜子"
"327","04000954","material","淡黄色绿蘑菇盖"
"328","04031013","quest","黑珠"
"329","04031008","quest","武术教练的信件"
"330","04031009","quest","汉斯的信件"
"331","04031010","quest","赫丽娜的信件"
"332","04031011","quest","达克鲁的信件"
"333","02000001_1","consume","橙色药水（绑定）"
"334","02000002_1","consume","白色药水（绑定）"
"335","01050001","equip","褐贤者之袍"
"336","04001007","quest","证书"
"337","04001008","quest","通行证"
"338","100000019","consume","活力药水"
"339","01402014","equip","温度计"
"340","04000022","material","石块"
"341","100000022","consume","福袋"
"342","100000023","consume","温度计之种"
"343","100000024","consume","修炼果"
"344","100000025","consume","枫之息莲蓉月饼"
"345","02000006","consume","蓝色神水"
"346","04000042","material","蝙蝠翅膀"
"347","04000067","material","幼魔精灵的角"
"348","02001526","consume","矿泉水"
"349","02003000","consume","生命恢复药水"
"350","01041005","fashion","没名字"
"351","01040005","fashion","橙色棒球服"
"352","01040124","fashion","英格兰T恤"
"353","01040125","fashion","绿夹克装"
"354","01040126","fashion","黄蛋糕吊带"
"355","01040127","fashion","蓝心背心"
"356","01040128","fashion","田径背心"
"357","01040129","fashion","红颓废西装"
"358","01040130","fashion","绿领带颓废西装"
"359","01040131","fashion","粉领带颓废西装"
"360","01040132","fashion","椰树背心"
"361","01040133","fashion","蓝居家服"
"362","01040134","fashion","黄蓝羽绒服"
"363","01040135","fashion","肌肉人"
"364","01040137","fashion","熔岩上装-男款"
"365","01040138","fashion","冰凌上装-男款"
"366","01041138","fashion","熔岩上装-女款"
"367","01041139","fashion","冰凌上装-女款"
"368","01060114","fashion","苹果牛仔裤"
"369","01060116","fashion","迷彩沙滩裤"
"370","01060117","fashion","红沙滩裤"
"371","01060118","fashion","黄蓝羽绒裤"
"372","01060119","fashion","牛仔小迷你"
"373","01060120","fashion","熔岩皮裤"
"374","01060121","fashion","冰凌皮裤"
"375","01060126","fashion","巨星摩登裤子"
"376","04000176","material","毒菇"
"377","100000026","consume","金币箱"
"378","100000027","quest","天空码头代币"
"379","01452006","equip","火焰之弓"
"380","100000028","quest","南瓜币"
"381","01462004","equip","鹰弩"
"382","01372001","equip","法师短杖"
"383","01382018","equip","翡翠之杖"
"384","01472011","equip","青铜守护拳套"
"385","01332014","equip","暗影刃"
"386","01302004","equip","弯刀"
"387","04010000","material","青铜母矿"
"388","04010001","material","钢铁母矿"
"389","04010002","material","锂矿石母矿"
"390","04010003","material","朱矿石母矿"
"391","04010004","material","银的母矿"
"392","04010005","material","紫矿石母矿"
"393","04010006","material","黄金母矿"
"394","04010007","material","锂母矿"
"395","04011000","material","青铜块"
"396","04011001","material","钢铁块"
"397","04011002","material","锂矿石块"
"398","04011003","material","朱矿石"
"399","04011004","material","银块"
"400","04011005","material","紫矿石块"
"401","04011006","material","金块"
"402","04011007","material","月石"
"403","04011008","material","锂"
"404","04020000","material","石榴石母矿"
"405","04020001","material","紫水晶母矿"
"406","04020002","material","海蓝石母矿"
"407","04020003","material","祖母绿母矿"
"408","04020004","material","蛋白石母矿"
"409","04020005","material","蓝宝石母矿"
"410","04020006","material","黄晶母矿"
"411","04020007","material","钻石母矿"
"412","04020008","material","黑水晶母矿"
"413","04020009","material","时间碎片"
"414","04021000","material","石榴石"
"415","04021001","material","紫水晶"
"416","04021002","material","海蓝石"
"417","04021003","material","祖母绿"
"418","04021004","material","蛋白石"
"419","04021005","material","蓝宝石"
"420","04021006","material","黄晶"
"421","04021007","material","钻石"
"422","04021008","material","黑水晶"
"423","04021009","material","星石"
"424","04021010","material","时间之石"
"425","100000029","consume","材料栏扩展券（绑定）"
"426","03010501","chair","万圣节椅子"
"427","100000030","consume","经验加成卡(3分钟)"
"428","100000031","consume","经验加成卡(10分钟)"
"429","01702002","fashion","褐色玩具弹弓"
"430","01702004","fashion","天使星星棒"
"431","01702009","fashion","虎爪拳套"
"432","01072084","equip","蓝追击鞋"
"433","01072085","equip","红追击鞋"
"434","01072086","equip","绿追击鞋"
"435","01072087","equip","黑追击鞋"
"436","01072032","equip","青铜链鞋"
"437","01072033","equip","钢铁链鞋"
"438","01072035","equip","银链鞋"
"439","01072035_1","equip","精制银链鞋"
"440","01072036","equip","金链鞋"
"441","100000032","material","森林宾馆普通桑拿房卡"
"442","100000033","material","森林宾馆高级桑拿房卡"
"443","04031014","quest","特制烤鳗鱼"
"444","04031015","quest","新鲜的牛奶"
"445","100000034","consume","桑拿服包装盒"
"446","01051017","equip","至尊套服"
"447","01050018","equip","萌新套服"
"448","04031016","quest","神秘书"
"449","100000101","consume","普通武器攻击力卷轴"
"450","100000102","consume","稀有武器攻击力卷轴"
"451","100000103","consume","卓越武器攻击力卷轴"
"452","100000104","consume","没名字"
"453","100000105","consume","没名字"
"454","100000106","consume","没名字"
"455","100000107","consume","没名字"
"456","100000108","consume","没名字"
"457","100000109","consume","没名字"
"458","100000110","consume","没名字"
"459","100000201","consume","普通铠甲防御卷轴"
"460","100000202","consume","稀有铠甲防御卷轴"
"461","100000203","consume","卓越铠甲防御卷轴"
"462","100000204","consume","没名字"
"463","100000205","consume","没名字"
"464","100000206","consume","没名字"
"465","100000207","consume","没名字"
"466","100000208","consume","没名字"
"467","100000209","consume","没名字"
"468","100000210","consume","没名字"
"469","100000301","consume","普通鞋子迅捷卷轴"
"470","100000302","consume","稀有鞋子迅捷卷轴"
"471","100000303","consume","卓越鞋子迅捷卷轴"
"472","100000304","consume","没名字"
"473","100000305","consume","没名字"
"474","100000306","consume","没名字"
"475","100000307","consume","没名字"
"476","100000308","consume","没名字"
"477","100000309","consume","没名字"
"478","100000310","consume","没名字"
"479","100000401","consume","没名字"
"480","100000402","consume","没名字"
"481","100000403","consume","没名字"
"482","100000404","consume","没名字"
"483","100000405","consume","没名字"
"484","100000406","consume","没名字"
"485","100000407","consume","没名字"
"486","100000408","consume","没名字"
"487","100000409","consume","没名字"
"488","100000410","consume","没名字"
"489","100000501","consume","没名字"
"490","100000502","consume","没名字"
"491","100000503","consume","没名字"
"492","100000504","consume","没名字"
"493","100000505","consume","没名字"
"494","100000506","consume","没名字"
"495","100000507","consume","没名字"
"496","100000508","consume","没名字"
"497","100000509","consume","没名字"
"498","100000510","consume","没名字"
"499","100000601","consume","普通鞋子体力卷轴"
"500","100000602","consume","稀有鞋子体力卷轴"
"501","100000603","consume","卓越鞋子体力卷轴"
"502","100000604","consume","4级鞋子体力卷轴"
"503","100000605","consume","5级鞋子体力卷轴"
"504","100000606","consume","6级鞋子体力卷轴"
"505","100000607","consume","7级鞋子体力卷轴"
"506","100000608","consume","8级鞋子体力卷轴"
"507","100000609","consume","9级鞋子体力卷轴"
"508","100000610","consume","10级鞋子体力卷轴"
"509","100000035","material","图里卡斯卷轴会员卡"
"510","100000036","material","芝士蘑菇盖"
"511","04050000","material","普通理发卡卡"
"512","02633023","material","皇家理发卡"
"513","04050002","material","限定特殊理发卡"
"514","02012000","consume","龙血"
"515","02012003","consume","龙肉"
"516","100000700","consume","记忆者的武器攻击力卷轴"
"517","04036087","quest","被污染的礼物"
"518","01070108","fashion","圣诞鞋"
"519","01051131","fashion","圣诞服女装"
"520","01052868","fashion","圣诞服男装"
"521","100000037","consume","消耗栏扩展券（绑定）"
"522","100000038","consume","装备栏扩展券（绑定）"
"523","04000046","material","长枪牛魔王之角"
"524","01372000","equip","妖精短杖"
"525","01442009","equip","月牙戟"
"526","01382019","equip","护法之杖"
"527","01472014","equip","钢铁护腕"
"528","01332011","equip","刺客短刀"
"529","01462005","equip","双弦弩"
"530","01302009","equip","黄沙之剑"
"531","01452007","equip","暴风弓"
"532","04031213","material","怪猫的灵魂石"
"533","04031214","material","月牙牛魔王的灵魂石"
"534","04031215","material","长枪牛魔王的灵魂石"
"535","04031216","material","蝙蝠怪的灵魂石"
"536","100000039","material","消毒剂"
"537","100000040","consume","绿色药水"
"538","04025005","material","空瓶子"
"539","01072000","equip","黄金月长靴"
"540","01072107","equip","红流星鞋"
"541","01072117","equip","黑月鞋"
"542","01072121","equip","蓝精灵鞋"
"543","01060000","equip","黑金裤"
"544","01060068","equip","黑贵族裤"
"545","01060072","equip","沧海之裤"
"546","01050036","equip","红强化长袍"
"547","01040000","equip","黄金铠甲"
"548","01040083","equip","沧海之影"
"549","01040080","equip","黑贵族之服"
"550","04052000","material","整形手术卡"
"551","01072114","equip","红月鞋"
"552","01072115","equip","蓝月鞋"
"553","01072116","equip","黄月鞋"
"554","01060050","equip","蓝暗影之裤"
"555","01040061","equip","绿暗影之服"
"556","01060074","equip","白金裤"
"557","01072108","equip","绿流星鞋"
"558","01051030","equip","黑妖精礼服"
"559","01051037","equip","蓝贵族礼服"
"560","01040089","equip","黑板金铠甲"
"561","01060078","equip","黑板金裤"
"562","01041077","equip","紫月"
"563","01061076","equip","紫月裤"
"564","01382006","equip","白龙之杖"
"565","01442025","equip","青龙偃月刀"
"566","01332031","equip","龙刃"
"567","01050046","equip","红魔法战士衣"
"568","01051038","equip","绿贵族礼服"
"569","01041079","equip","黄月"
"570","01061078","equip","黄月裤"
"571","01040098","equip","白飞影之服"
"572","01060087","equip","白飞影之裤"
"573","01052119","equip","扎昆套服"
"574","01072143","equip","绿黄金风"
"575","01041080","equip","赤月"
"576","01050048","equip","白魔法战士衣"
"577","01041091","equip","绿钢玉铠甲"
"578","01061090","equip","绿钢玉裙"
"579","01040084","equip","黑暗之影"
"580","01072303","equip","头目靴"
"581","01452016","equip","漂云之弓"
"582","01050047","equip","朱红魔法战士衣"
"583","01040095","equip","青阳"
"584","01060084","equip","青阳裤"
"585","01041087","equip","红将军铠甲"
"586","01061086","equip","红将军裤"
"587","01051045","equip","红神圣服"
"588","01050060","equip","赤旋风甲"
"589","01072148","equip","紫十字鞋"
"590","01442010","equip","方天戟"
"591","01051054","equip","褐天上之衣(女款)"
"592","01072154","equip","蓝飞魂鞋"
"593","01041103","equip","红朱雀之甲"
"594","01061102","equip","红朱雀之裤"
"595","01041093","equip","蓝钢玉铠甲"
"596","01061092","equip","蓝钢玉裙"
"597","01040100","equip","黑飞影之服"
"598","01060089","equip","黑飞影之裤"
"599","01050067","equip","蓝天上之衣(男款)"
"600","01051055","equip","黑天上之衣(女款)"
"601","01051064","equip","绿飘云之衣"
"602","01072163","equip","红龙皮鞋"
"603","01452009","equip","赤神弓"
"604","01472026","equip","红闪电甲"
"605","01072184","equip","绿飞翼鞋"
"606","01442016","equip","黑雪板"
"607","01051047","equip","黑神圣服"
"608","01452011","equip","黄神弓"
"609","01072167","equip","黑箭魂鞋"
"610","01051063","equip","褐飘云之衣"
"611","01382010","equip","死灵法杖"
"612","01051056","equip","绿神仙之服(女款)"
"613","01050077","equip","绿宫衣(男款)"
"614","01072211","equip","蓝宝石靴"
"615","01442014","equip","银雪板"
"616","01382007","equip","魔灵之翼"
"617","01462009","equip","破天弩弓"
"618","01442008","equip","黄龙刀"
"619","01302012","equip","火焰刀"
"620","01332018","equip","凤凰刃"
"621","01332019","equip","金刚刃"
"622","01452015","equip","玄武弓"
"623","011100000","equip","白银力量戒指"
"624","011100001","equip","白银智力戒指"
"625","011100002","equip","白银敏捷戒指"
"626","011100003","equip","白银运气戒指"
"627","011100004","equip","黄金力量戒指"
"628","011100005","equip","黄金智力戒指"
"629","011100006","equip","黄金敏捷戒指"
"630","011100007","equip","黄金运气戒指"
"631","011100008","equip","多蓝之戒"
"632","04001261","quest","蝙蝠怪的皮碎片"
"633","100000041","quest","蝙蝠怪封印积分"
"634","02040728","consume","蝙蝠怪的皮鞋伤害卷轴"
"635","02040729","consume","蝙蝠怪的皮鞋保护卷轴"
"636","02040730","consume","蝙蝠怪的皮鞋体力卷轴"
"637","02040731","consume","蝙蝠怪的皮鞋恢复卷轴"
"638","02040732","consume","蝙蝠怪的皮鞋保护卷轴"
"639","02040733","consume","蝙蝠怪的皮鞋体力卷轴"
"640","02040734","consume","蝙蝠怪的皮鞋防御卷轴"
"641","02040735","consume","蝙蝠怪的皮鞋魔抗卷轴"
"642","02040736","consume","蝙蝠怪的皮鞋全能卷轴"
"643","01072375","equip","蝙蝠怪的皮鞋"
"644","04003000","material","螺丝钉"
"645","04003001","material","加工木材"
"646","04001004","quest","酋长的地契"
"647","02350002","consume","角色改名卡"
"648","01702000","fashion","星战激光剑"
"649","01702001","fashion","玫瑰花束"
"650","04031005","quest","变异蘑菇的血"
"651","04031006","quest","奇怪的药"
"652","04031004","quest","闪耀的石头"
"653","01002026","equip","褐色斗笠"
"654","01702003","fashion","蓝色玩具弹弓"
"655","04000622","material","蓝蝴蝶结"
"656","04000667","material","黄色海星腿"
"657","04000668","material","生气的海星腿"
"658","04000669","material","水母身体"
"659","04000670","material","冰水母身体"
"660","04000043","material","红螃蟹钳"
"661","04000044","material","青螃蟹钳"
"662","04000045","material","乌龟壳"
"663","04033010","quest","便当"
"664","04033018","quest","阿别的眼镜"
"665","04033011","quest","谢拉王子的礼物"
"666","04033012","quest","黑暗气息"
"667","04033014","quest","木妖眼珠"
"668","04000136","material","椰子果"
"669","02022258","consume","椰汁"
"670","04033013","quest","胶水"
"671","04032250","quest","莫名的纸条"
"672","04000185","material","寒冰背部骨"
"673","04000186","material","黑龙之角"
"674","04031212","quest","阴森气息"
"675","01060083","equip","赤阳裤"
"676","01060085","equip","黄阳裤"
"677","01060086","equip","绿阳裤"
"678","01040094","equip","赤阳"
"679","01040096","equip","黄阳"
"680","01040097","equip","绿阳"
"681","01041084","equip","红镇月铠甲"
"682","01041085","equip","黄镇月铠甲"
"683","01041086","equip","黑镇月铠甲"
"684","01061083","equip","红镇月裙"
"685","01061084","equip","黄镇月裙"
"686","01040090","equip","绿钢玉铠甲"
"687","01040091","equip","红钢玉铠甲"
"688","01040092","equip","蓝钢玉铠甲"
"689","01040093","equip","黑钢玉铠甲"
"690","01060079","equip","绿钢玉裤"
"691","01060080","equip","红钢玉裤"
"692","01060081","equip","蓝钢玉裤"
"693","01060082","equip","黑钢金裤"
"694","01051041","equip","赤草露"
"695","01051042","equip","蓝草露"
"696","01051043","equip","黄草露"
"697","01051044","equip","蓝神圣服"
"698","01051046","equip","白神圣服"
"699","01072157","equip","蓝水晶凉鞋"
"700","01072158","equip","红水晶凉鞋"
"701","01072159","equip","褐水晶凉鞋"
"702","01072160","equip","金水晶凉鞋"
"703","01462008","equip","黄金弩"
"704","01002210","equip","黄黑太阳帽"
"705","01002207","equip","红黑太阳帽"
"706","01002208","equip","蓝黑太阳帽"
"707","01002209","equip","绿黑太阳帽"
"708","01002242","equip","红和平之帽"
"709","01002243","equip","蓝和平之帽"
"710","01002244","equip","绿和平之帽"
"711","01002245","equip","白和平之帽"
"712","01002246","equip","黑和平之帽"
"713","01002247","equip","青铜忍者头巾"
"714","01002248","equip","银忍者头巾"
"715","01002249","equip","黑忍者头巾"
"716","01432007","equip","银龙枪"
"717","01041097","equip","蓝暴风甲"
"718","01041101","equip","蓝朱雀之甲"
"719","01061100","equip","蓝朱雀之裤"
"720","01061096","equip","蓝暴风裤"
"721","01072172","equip","绿飞影鞋"
"722","01052122","equip","保镖服"
"723","01072173","equip","红飞影鞋"
"724","01072174","equip","黑飞影鞋"
"725","04001000","quest","玻璃鞋"
"726","04003002","quest","冰块"
"727","04003003","quest","妖精之翼"
"728","01000000","fashion","青毛线帽"
"729","01000001","fashion","黑福巾"
"730","01000002","fashion","青福巾"
"731","01000003","fashion","鬼面具"
"732","01000004","fashion","青年帽"
"733","01000006","fashion","日式男发套"
"734","01000007","fashion","高丽帽"
"735","01000008","fashion","中年帽"
"736","01000009","fashion","红鹰钢盔"
"737","01000010","fashion","蓝鲨钢盔"
"738","01000011","fashion","绿虎钢盔"
"739","01000012","fashion","熊猫钢盔"
"740","01000013","fashion","黄色王冠"
"741","01000014","fashion","绿色王冠"
"742","01000015","fashion","蓝色王冠"
"743","01000016","fashion","红色王冠"
"744","01000017","fashion","机关头"
"745","01000018","fashion","顽童帽"
"746","01000019","fashion","绿龟帽"
"747","01000020","fashion","印第安酋长帽"
"748","01000023","fashion","红棒球帽"
"749","01000026","fashion","圣诞男孩子帽"
"750","01002186","fashion","透明帽"
"751","04034000","material","大剑地精之刃"
"752","04034001","material","长枪地精之趾甲"
"753","04034003","material","红色口袋"
"754","04034004","material","蓝色口袋"
"755","04034050","material","地精的棍棒"
"756","02432251","quest","地精香水"
"757","01372007","equip","大魔法师短杖"
"758","01372014","equip","火焰之杖"
"759","01382001","equip","精灵长杖"
"760","01462007","equip","炎弩"
"761","01452008","equip","天弓"
"762","01302010","equip","树灵之剑"
"763","01442005","equip","九龙刀"
"764","01332016","equip","华戟"
"765","01472021","equip","黑手甲"
"766","04000059","material","星光精灵的星块"
"767","04000060","material","月光精灵的月块"
"768","04000061","material","日光精灵的日块"
"769","04003005","material","柔软羽毛"
"770","04000058","material","食人花的种子"
"771","04000062","material","黑食人花的种子"
"772","04000070","material","红独角狮尾"
"773","04000071","material","黄独角狮尾"
"774","04000072","material","蓝独角狮尾"
"775","04000073","material","独角狮硬角"
"776","04000074","material","黑色飞狮尾"
"777","01302017","equip","蓝色雨伞"
"778","01432008","equip","海神叉"
"779","01072104","equip","红杨柳鞋"
"780","01072105","equip","绿杨柳鞋"
"781","01072106","equip","蓝杨柳鞋"
"782","01072101","equip","蓝锦丝鞋"
"783","01072102","equip","绿锦丝鞋"
"784","01072103","equip","红锦丝鞋"
"785","01002176","equip","红防风帽"
"786","01002177","equip","蓝防风帽"
"787","01002178","equip","绿防风帽"
"788","01002179","equip","褐防风帽"
"789","01002180","equip","黑防风帽"
"790","01041065","equip","红守护之服"
"791","01041066","equip","蓝守护之服"
"792","01041067","equip","绿守护之服"
"793","01041068","equip","黑守护之服"
"794","01041069","equip","褐守护之服"
"795","01061060","equip","红守护裤"
"796","01061061","equip","蓝守护裤"
"797","01061062","equip","绿守护裤"
"798","01061063","equip","黑守护裤"
"799","01061064","equip","褐守护裤"
"800","01051023","equip","紫色月光服"
"801","01051024","equip","红色月光服"
"802","01051025","equip","蓝色月光服"
"803","01051026","equip","黑色月光服"
"804","01051027","equip","褐色月光服"
"805","01002151","equip","褐魔道之帽"
"806","01002152","equip","蓝魔道之帽"
"807","01002153","equip","红魔道之帽"
"808","01002154","equip","黑魔道之帽"
"809","01002155","equip","白魔道之帽"
"810","01002625","equip","海盗睡帽"
"811","01302016","equip","黄色雨伞"
"812","01040079","equip","褐贵族之服"
"813","01040081","equip","白贵族之服"
"814","01060069","equip","褐贵族裤"
"815","01060070","equip","蓝贵族裤"
"816","01060075","equip","黄金裤"
"817","01040085","equip","紫金铠甲"
"818","01040086","equip","青金铠甲"
"819","01072118","equip","红精灵鞋"
"820","01072119","equip","黄精灵鞋"
"821","01072120","equip","褐精灵鞋"
"822","01051031","equip","白妖精礼服"
"823","01051032","equip","蓝妖精礼服"
"824","01051033","equip","红妖精礼服"
"825","01051034","equip","朱红妖精礼服"
"826","01002216","equip","水黃金法冠"
"827","01002217","equip","土黃金法冠"
"828","01002218","equip","黑黃金法冠"
"829","01002215","equip","火黃金法冠"
"830","01061077","equip","青月裤"
"831","01061079","equip","赤月裤"
"832","01050051","equip","赤仙白宫"
"833","01050052","equip","青仙白宫"
"834","01002628","equip","三眼海盗帽"
"835","01002181","equip","红海盗头巾"
"836","01002182","equip","蓝海盗头巾"
"837","01002183","equip","绿海盗头巾"
"838","01002184","equip","褐海盗头巾"
"839","01002185","equip","黑海盗头巾"
"840","01422007","equip","巨人锤"
"841","01002085","equip","锂矿十字军帽"
"842","01002086","equip","青铜十字军帽"
"843","01040087","equip","蓝板金铠甲"
"844","01040088","equip","褐板金铠甲"
"845","01060076","equip","黑板金裤"
"846","01060077","equip","黑板金裤"
"847","01072132","equip","祖母绿将军靴"
"848","01072133","equip","锂矿蓝将军靴"
"849","01072134","equip","紫矿将军靴"
"850","01072135","equip","黄金将军靴"
"851","01072128","equip","蓝雷电鞋"
"852","01072129","equip","绿雷电鞋"
"853","01072130","equip","红雷电鞋"
"854","01072131","equip","紫雷电鞋"
"855","01072144","equip","紫花精鞋"
"856","01072145","equip","蓝花精鞋"
"857","01072146","equip","绿花精鞋"
"858","01372011","equip","羽扇"
"859","01332020","equip","太极扇"
"860","01002098","equip","黄金诺曼头盔"
"861","01002099","equip","锂矿诺曼头盔"
"862","01061080","equip","白贵族裙"
"863","01061081","equip","褐贵族裙"
"864","01061082","equip","黑贵族裙"
"865","01472015","equip","赤红护腕"
"866","01002092","equip","黄铁头盔"
"867","01002093","equip","蓝铁头盔"
"868","01072109","equip","黄流星鞋"
"869","01072110","equip","蓝流星鞋"
"870","01322009","equip","马桶吸"
"871","01002171","equip","红假面帽"
"872","01002172","equip","蓝假面帽"
"873","01002173","equip","绿假面帽"
"874","01002174","equip","褐假面帽"
"875","01002175","equip","黑假面帽"
"876","01002034","equip","蓝色术士帽"
"877","01002035","equip","粉红术士帽"
"878","01002036","equip","绿色术士帽"
"879","01002037","equip","黑色术士帽"
"880","01002038","equip","褐色术士帽"
"881","01072039","equip","蓝斗士鞋"
"882","01072040","equip","银斗士鞋"
"883","01072041","equip","红斗士鞋"
"884","01412006","equip","重型巨斧"
"885","01072002","equip","铁头皮鞋"
"886","01040072","equip","红守护之服"
"887","01040073","equip","蓝守护之服"
"888","01040074","equip","绿守护之服"
"889","01040075","equip","黑守护之服"
"890","01040076","equip","褐守护之服"
"891","01060061","equip","红守护之裤"
"892","01060062","equip","蓝守护之裤"
"893","01060063","equip","绿守护之裤"
"894","01060064","equip","黑守护之裤"
"895","01060065","equip","褐守护之裤"
"896","01050035","equip","褐强化长袍"
"897","01050037","equip","绿强化长袍"
"898","01050038","equip","蓝强化长袍"
"899","01050039","equip","黑强化长袍"
"900","01002141","equip","红星魔法帽"
"901","01002142","equip","蓝星魔法帽"
"902","01002143","equip","绿星魔法帽"
"903","01002144","equip","褐星魔法帽"
"904","01002145","equip","黑星魔法帽"
"905","01052107","equip","甲板兵服"
"906","01442001","equip","锂矿戟"
"907","01072079","equip","红打猎鞋"
"908","01072080","equip","蓝打猎鞋"
"909","01072081","equip","绿打猎鞋"
"910","01072082","equip","黑打猎鞋"
"911","01072083","equip","褐打猎鞋"
"912","01472013","equip","黑守护拳套"
"913","01072089","equip","紫守护鞋"
"914","01072090","equip","红守护鞋"
"915","01072091","equip","黑守护鞋"
"916","01051014","equip","蓝宝石铠甲"
"917","01051015","equip","赤红铠甲"
"918","01051016","equip","银制铠甲"
"919","01332024","equip","武刀"
"920","01002161","equip","红冬羽"
"921","01002162","equip","蓝冬羽"
"922","01002163","equip","绿冬羽"
"923","01002164","equip","褐冬羽"
"924","01002165","equip","黑冬羽"
"925","01040028","equip","苍天衣"
"926","01332001","equip","半月刃"
"927","01041051","equip","红神圣法衣"
"928","01041052","equip","蓝神圣法衣"
"929","01041053","equip","黑神圣法衣"
"930","01061047","equip","红神圣裙"
"931","01061048","equip","蓝神圣裙"
"932","01061049","equip","黑神圣裙"
"933","01060016","equip","黑武裤"
"934","01060017","equip","白武裤"
"935","01060018","equip","红武裤"
"936","01060019","equip","黄武裤"
"937","01060020","equip","半白武裤"
"938","01322015","equip","骑士锤"
"939","01072126","equip","紫金月鞋"
"940","01072127","equip","蓝金月鞋"
"941","01402007","equip","半月巨刀"
"942","01002028","equip","银制十字军帽子"
"943","01041088","equip","褐将军铠甲"
"944","01041089","equip","黑将军铠甲"
"945","01061087","equip","褐将军裤"
"946","01061088","equip","黑将军裤"
"947","01050053","equip","蓝圣党之服"
"948","01050054","equip","红圣党之服"
"949","01050055","equip","白圣党之服"
"950","01050056","equip","黑圣党之服"
"951","01050058","equip","朱旋风甲"
"952","01050059","equip","青旋风甲"
"953","01072306","equip","鲨鱼皮鞋"
"954","01452023","equip","曹家之弓"
"955","01312007","equip","青光斧"
"956","01060071","equip","树林之裤"
"957","01060073","equip","黑暗之裤"
"958","01002045","equip","蓝色骷髅头盔"
"959","01002046","equip","红色骷髅头盔"
"960","01002024","equip","祖母綠武士头盔"
"961","01072122","equip","褐空空鞋"
"962","01072123","equip","绿空空鞋"
"963","01072124","equip","蓝空空鞋"
"964","01072125","equip","紫空空鞋"
"965","01002267","equip","赤弓羽"
"966","01002268","equip","黄弓羽"
"967","01002269","equip","白弓羽"
"968","01002270","equip","黑弓羽"
"969","01002631","equip","船头"
"970","01302031","equip","七星剑"
"971","01061085","equip","黑镇月裙"
"972","01041078","equip","紫月"
"973","01332015","equip","双翼刃"
"974","01322018","equip","巨型锤"
"975","01002634","equip","骷髅巾"
"976","01382014","equip","孙家之杖"
"977","01002029","equip","将军的红头盔"
"978","01072147","equip","蓝十字鞋"
"979","01072149","equip","红十字鞋"
"980","01072150","equip","红无痕之鞋"
"981","01072151","equip","金无痕之鞋"
"982","01072152","equip","黑无痕之鞋"
"983","01051052","equip","蓝天上之衣(女款)"
"984","01051053","equip","红天上之衣(女款)"
"985","01002094","equip","青铜战盔"
"986","01002095","equip","锂矿战盔"
"987","01002252","equip","红神圣之冠"
"988","01002253","equip","蓝神圣之冠"
"989","01002254","equip","黑神圣之冠"
"990","01051062","equip","蓝飘云之衣"
"991","01040105","equip","褐玄武之甲"
"992","01040106","equip","蓝玄武之甲"
"993","01040107","equip","黑玄武之甲"
"994","01060093","equip","褐玄武之裤"
"995","01060094","equip","蓝玄武之裤"
"996","01060095","equip","黑玄武之裤"
"997","01050061","equip","蓝飘云之衣"
"998","01050062","equip","黄飘云之衣"
"999","01050063","equip","绿飘云之衣"
"1000","01050064","equip","黑飘云之衣"
"1001","01402012","equip","霸王剑"
"1002","01040108","equip","绿隐者之服(男款)"
"1003","01040109","equip","红隐者之服(男款)"
"1004","01040110","equip","黑隐者之服(男款)"
"1005","01060097","equip","绿隐者之裤"
"1006","01060098","equip","红隐者之裤"
"1007","01060099","equip","黑隐者之裤"
"1008","01072210","equip","红宝石靴"
"1009","01072212","equip","黄宝石靴"
"1010","01002275","equip","蓝黄金翼帽"
"1011","01002276","equip","红黄金翼帽"
"1012","01002277","equip","绿黄金翼帽"
"1013","01002278","equip","黑黄金翼帽"
"1014","01072177","equip","绿密林之鞋"
"1015","01072178","equip","紫密林之鞋"
"1016","01072179","equip","黑密林之鞋"
"1017","01072312","equip","伏波"
"1018","01322026","equip","彩虹游泳圈"
"1019","02000006_1","consume","蓝色神水（绑定）"
"1020","04031309","quest","魔云碎片"
"1021","04031308","quest","喷云吐雾器"
"1022","r0","coin","没名字"
"1023","04031199","quest","星月手镯"
"1024","04031200","quest","食人花汁"
"1025","04031201","quest","甜蜜果浆"
"1026","04031202","quest","食人花果汁"
"1027","02022039","consume","食人花的蜜"
"1028","02012002","consume","古木树液"
"1029","01002006","equip","骷髅头盔"
"1030","01702012","fashion","苍蝇拍"
"1031","01702013","fashion","熊宝宝"
"1032","01702014","fashion","喇叭枪"
"1033","01702017","fashion","兔宝宝"
"1034","01702018","fashion","香蕉冰激淋"
"1035","01702019","fashion","蓝色大抱枕"
"1036","01702020","fashion","棒棒糖"
"1037","01702021","fashion","黑色电吉他"
"1038","01702022","fashion","褐色电吉他"
"1039","01702023","fashion","绿色电吉他"
"1040","01702024","fashion","黄金天使弓"
"1041","01702025","fashion","蓝宝天使弓"
"1042","01702026","fashion","黄金天使弩"
"1043","01702027","fashion","杰迪武士激光剑"
"1044","01702028","fashion","甜甜面包圈"
"1045","01702029","fashion","白猫拳"
"1046","01702037","fashion","茶壶"
"1047","01702038","fashion","星座拳套"
"1048","01702039","fashion","星座网兜"
"1049","01702040","fashion","星座弓"
"1050","01702041","fashion","星座叉子"
"1051","01702042","fashion","麦克风"
"1052","01702043","fashion","便便棍子"
"1053","01702044","fashion","突击步枪"
"1054","01702045","fashion","向日葵"
"1055","01702046","fashion","星座弩"
"1056","01702016","fashion","玩具彩箱"
"1057","01042025","fashion","囚服"
"1058","01042071","fashion","白色休闲套头T恤"
"1059","01042072","fashion","红色休闲套头T恤"
"1060","01042073","fashion","蓝紫色短袖夹克"
"1061","01042074","fashion","星纹T恤"
"1062","01042075","fashion","粉ETT恤"
"1063","01042076","fashion","花点T恤"
"1064","01042077","fashion","红与蓝"
"1065","01042078","fashion","无袖水手服"
"1066","01042080","fashion","红白条纹T恤"
"1067","01042081","fashion","樱桃休闲T恤"
"1068","01042082","fashion","黑茄克套"
"1069","01042083","fashion","可爱连帽披风"
"1070","01042084","fashion","军装连帽坎肩"
"1071","01042085","fashion","可爱心T恤"
"1072","01061126","fashion","白色超短裙"
"1073","01061127","fashion","蓝摇滚喇叭裤"
"1074","01061128","fashion","粉摇滚喇叭裤"
"1075","01061129","fashion","哈妹裙"
"1076","01061130","fashion","绿百叶裙"
"1077","01061131","fashion","蓝高叉裙"
"1078","01061132","fashion","黑白裤裙"
"1079","01061133","fashion","橙灯罩裙"
"1080","01071011","fashion","白色高跟礼靴"
"1081","01071012","fashion","貂蝉鞋子"
"1082","01071013","fashion","白猫鞋子"
"1083","01071014","fashion","黑猫鞋子"
"1084","01071015","fashion","侍女鞋子"
"1085","01071016","fashion","红长统靴"
"1086","01071017","fashion","豹皮鞋"
"1087","01071018","fashion","虎皮靴"
"1088","01071019","fashion","玉女鞋"
"1089","01072013","fashion","红色运动鞋"
"1090","01072014","fashion","大头皮鞋"
"1091","01072057","fashion","蓝色运动鞋"
"1092","100000042","consume","枫之息精品粽"
"1093","01051030_0","equip","黑妖精礼服"
"1094","t00000000","title","一周年"
"1095","04000083","material","小石球的石片"
"1096","01322002","equip","钢锤"
"1097","01322004","equip","奇型锤"
"1098","01060010","equip","钢铁军官裙"
"1099","01060011","equip","紫矿军官裙"
"1100","01041047","equip","红寂靜之服"
"1101","01041048","equip","黑寂靜之服"
"1102","01041049","equip","蓝寂靜之服"
"1103","01041050","equip","紫寂靜之服"
"1104","01061043","equip","红寂靜裙"
"1105","01061044","equip","黑寂靜裙"
"1106","01061045","equip","蓝寂靜裙"
"1107","01061046","equip","紫寂靜裙"
"1108","04000063","material","石片"
"1109","01312016","equip","青虹斧"
"1110","01312005","equip","赤斧"
"1111","01002622","equip","水兵帽"
"1112","01002135","equip","褐箭翎三角帽"
"1113","01002136","equip","黑箭翎三角帽"
"1114","01002137","equip","绿箭翎三角帽"
"1115","01002138","equip","蓝箭翎三角帽"
"1116","01002139","equip","红箭翎三角帽"
"1117","01442003","equip","斧戟"
"1118","04000085","material","火石球的石片"
"1119","04000084","material","冰石球的石片"
"1120","04000086","material","小白雪鬼的毛团"
"1121","04000087","material","小黑雪鬼的毛团"
"1122","04000088","material","小企鹅王的鱼"
"1123","01041054","equip","绿浪人之服"
"1124","01041055","equip","黑浪人之服"
"1125","01041056","equip","红浪人之服"
"1126","01041057","equip","黑敏捷之服"
"1127","01041058","equip","红敏捷之服"
"1128","01041059","equip","蓝敏捷之服"
"1129","01041060","equip","绿敏捷之服"
"1130","01061050","equip","绿浪人裙"
"1131","01061051","equip","黑浪人裙"
"1132","01061052","equip","红浪人裙"
"1133","01061053","equip","黑敏捷裤"
"1134","01061054","equip","红敏捷裤"
"1135","01061055","equip","蓝敏捷裤"
"1136","01061056","equip","绿敏捷裤"
"1137","01061057","equip","黄旅行裙"
"1138","01050000","equip","白十字锁子甲"
"1139","01072075","equip","红魔法鞋"
"1140","01072076","equip","蓝魔法鞋"
"1141","01072077","equip","白魔法鞋"
"1142","01072078","equip","黑魔法鞋"
"1143","01040029","equip","青龙衣"
"1144","01040030","equip","金龙衣"
"1145","01402002","equip","大刀"
"1146","01050029","equip","黑魔力长袍"
"1147","01050030","equip","蓝魔力长袍"
"1148","01050031","equip","白魔力长袍"
"1149","01051001","equip","祖母绿铠甲"
"1150","01422008","equip","大锤"
"1151","01002021","equip","诺曼头盔"
"1152","04000048","material","小白雪人皮"
"1153","04000049","material","白雪人角"
"1154","04000050","material","企鹅王的嘴"
"1155","04000051","material","野狼之尾"
"1156","04000052","material","白狼之尾"
"1157","01041094","equip","灰飞影之服"
"1158","01041095","equip","赤飞影之服"
"1159","01041096","equip","黑飞影之服"
"1160","01061093","equip","灰飞影之裤"
"1161","01061094","equip","赤飞影之裤"
"1162","01061095","equip","黑飞影之裤"
"1163","01061097","equip","紫暴风裤"
"1164","01061098","equip","红暴风裤"
"1165","01052116","equip","武备软甲"
"1166","01002022","equip","旧诺曼头盔"
"1167","01040099","equip","黄飞影之服"
"1168","01060088","equip","黄飞影之裤"
"1169","01432006","equip","十字枪"
"1170","01040102","equip","青铜暴风甲"
"1171","01040103","equip","锂矿暴风甲"
"1172","01040104","equip","紫矿暴风甲"
"1173","01060090","equip","青铜暴风裤"
"1174","01060091","equip","锂矿暴风裤"
"1175","01060092","equip","紫矿暴风裤"
"1176","01050045","equip","蓝魔法战士衣"
"1177","01050049","equip","黑魔法战士衣"
"1178","01002166","equip","红羽丝绒帽"
"1179","01002167","equip","蓝羽丝绒帽"
"1180","01002168","equip","绿羽丝绒帽"
"1181","01002169","equip","褐羽丝绒帽"
"1182","01002170","equip","黑羽丝绒帽"
"1183","01002025","equip","红铁头盔"
"1184","01072136","equip","粉红天使靴"
"1185","01072137","equip","绿天使鞋"
"1186","01072138","equip","黄天使鞋"
"1187","01072139","equip","蓝天使鞋"
"1188","01072140","equip","粉红黄金风"
"1189","01072141","equip","蓝黄金风"
"1190","01072142","equip","紫黄金风"
"1191","01002286","equip","蓝司令帽"
"1192","01002287","equip","白黄司令帽"
"1193","01002288","equip","绿司令帽"
"1194","01002289","equip","黑司令帽"
"1195","01002211","equip","蓝贵族软帽"
"1196","01002212","equip","红贵族软帽"
"1197","01002213","equip","绿贵族软帽"
"1198","01002214","equip","黑贵族软帽"
"1199","01332017","equip","金蛇剑"
"1200","01422009","equip","妖精之锤"
"1201","01412007","equip","光明斧"
"1202","100000043","consume","活力药水Ⅱ型"
"1203","100000044","consume","世界喇叭(绑定)"
"1204","100000045","material","赞助币"
"1205","100000046","consume","世界喇叭"
"1206","100000047","material","战士增幅核心"
"1207","100000048","material","魔法师增幅核心"
"1208","100000049","material","弓箭手增幅核心"
"1209","100000050","material","飞侠增幅核心"
"1210","02022001","consume","绿豆粥"
"1211","02022001_1","consume","绿豆粥（绑定）"
"1212","01472022","equip","青铜战神拳套"
"1213","01472023","equip","赤红战神拳套"
"1214","01472024","equip","蓝宝战神拳套"
"1215","01472025","equip","黑战神拳套"
"1216","01452004","equip","凤凰之弓"
"1217","100000051","material","焦灼南瓜衣原胚"
"1218","100000052","material","焦灼南瓜裤原胚"
"1219","100000053","material","焦灼南瓜鞋原胚"
"1220","100000054","material","焦灼南瓜帽原胚"
"1221","100000055","material","焦灼南瓜戒原胚"
"1222","100000056","material","渡火南瓜衣原胚"
"1223","100000057","material","渡火南瓜裤原胚"
"1224","100000058","material","渡火南瓜鞋原胚"
"1225","100000059","material","渡火南瓜帽原胚"
"1226","100000060","material","渡火南瓜戒原胚"
"1227","100000061","material","精锻用魔石"
"1228","01040002_0","equip","焦灼南瓜衣"
"1229","01040002_1","equip","渡火南瓜衣"
"1230","01062054_0","equip","焦灼南瓜裤"
"1231","01062054_1","equip","渡火南瓜裤"
"1232","01072012_0","equip","焦灼南瓜鞋"
"1233","01072012_1","equip","渡火南瓜鞋"
"1234","01002699_0","equip","焦灼南瓜帽"
"1235","01002699_1","equip","渡火南瓜帽"
"1236","01112000_0","equip","焦灼南瓜戒"
"1237","01112000_1","equip","渡火南瓜戒"
"1238","01040002_2","equip","中级焦灼南瓜衣"
"1239","01040002_3","equip","中级渡火南瓜衣"
"1240","01040002_4","equip","高级焦灼南瓜衣"
"1241","01040002_5","equip","高级渡火南瓜衣"
"1242","01062054_2","equip","中级焦灼南瓜裤"
"1243","01062054_3","equip","中级渡火南瓜裤"
"1244","01062054_4","equip","高级焦灼南瓜裤"
"1245","01062054_5","equip","高级渡火南瓜裤"
"1246","01072012_2","equip","中级焦灼南瓜鞋"
"1247","01072012_3","equip","中级渡火南瓜鞋"
"1248","01072012_4","equip","高级焦灼南瓜鞋"
"1249","01072012_5","equip","高级渡火南瓜鞋"
"1250","01002699_2","equip","中级焦灼南瓜帽"
"1251","01002699_3","equip","中级渡火南瓜帽"
"1252","01002699_4","equip","高级焦灼南瓜帽"
"1253","01002699_5","equip","高级渡火南瓜帽"
"1254","01112000_2","equip","中级焦灼南瓜戒"
"1255","01112000_3","equip","中级渡火南瓜戒"
"1256","01112000_4","equip","高级焦灼南瓜戒"
"1257","01112000_5","equip","高级渡火南瓜戒"
"1258","100000062","material","常燃南瓜火种"
"1259","02001526_1","consume","矿泉水(绑定)"
"1260","02022258_1","consume","椰汁（绑定）"
"1261","02003000_1","consume","生命恢复药水(绑定)"
"1262","01442015","equip","黄金雪板"
"1263","04000053","material","狼人脚趾甲"
"1264","04000054","material","白狼人脚趾甲"
"1265","04000055","material","小黑雪人皮"
"1266","04000056","material","黑雪人的角"
"1267","04000057","material","黑企鹅王的嘴"
"1268","04000069","material","僵尸丢失的臼齿"
"1269","04000076","material","独眼蝙蝠之翼"
"1270","04000078","material","小猎犬的尖牙"
"1271","04000079","material","猎犬的尖牙"
"1272","04000080","material","火焰猎犬的项链"
"1273","04000081","material","火精灵的火精"
"1274","04000082","material","僵尸丢失的金齿"
"1275","01050068","equip","红天上之衣(男款)"
"1276","01050069","equip","褐天上之衣(男款)"
"1277","01050070","equip","黑天上之衣(男款)"
"1278","01072155","equip","紫飞魂鞋"
"1279","01072156","equip","黑飞魂鞋"
"1280","01072164","equip","蓝箭魂鞋"
"1281","01072165","equip","黄箭魂鞋"
"1282","01072166","equip","绿箭魂鞋"
"1283","01312011","equip","花灵之斧"
"1284","01050075","equip","红宫衣(男款)"
"1285","01050076","equip","蓝宫衣(男款)"
"1286","01050078","equip","黑宫衣(男款)"
"1287","01002338","equip","赤龙头盔"
"1288","01002339","equip","蓝龙头盔"
"1289","01002340","equip","黑龙头盔"
"1290","01452012","equip","青龙弓"
"1291","01452013","equip","朱雀弓"
"1292","01452014","equip","黄虎弓"
"1293","01060104","equip","蓝色霹雳裤"
"1294","01060105","equip","褐色霹雳裤"
"1295","01060106","equip","粉色霹雳裤"
"1296","01060107","equip","红色霹雳裤"
"1297","01040115","equip","蓝扣带护甲"
"1298","01040116","equip","褐扣带护甲"
"1299","01040117","equip","紫扣带护甲"
"1300","01040118","equip","红扣带护甲"
"1301","01072206","equip","杰斯特鞋(蓝)"
"1302","01072207","equip","杰斯特鞋(绿)"
"1303","01072208","equip","杰斯特鞋(红)"
"1304","01072209","equip","杰斯特鞋(黑)"
"1305","01072192","equip","蓝扣带靴"
"1306","01072193","equip","褐扣带靴"
"1307","01072194","equip","紫扣带靴"
"1308","01072195","equip","红扣带靴"
"1309","01052125","equip","高军服"
"1310","01462013","equip","黑暗弩弓"
"1311","01302032","equip","烈焰之剑"
"1312","01312009","equip","猛禽斧"
"1313","01402011","equip","无极剑"
"1314","01041100","equip","紫朱雀之甲"
"1315","01041102","equip","粉红朱雀之甲"
"1316","01061099","equip","紫朱雀之裤"
"1317","01061101","equip","粉红朱雀之裤"
"1318","01472027","equip","绿闪电甲"
"1319","01472028","equip","蓝闪电甲"
"1320","01472029","equip","黑闪电甲"
"1321","01322020","equip","黄金暴风锤"
"1322","01002271","equip","绿十字帽"
"1323","01002272","equip","蓝十字帽"
"1324","01002273","equip","紫十字帽"
"1325","01002274","equip","黑十字帽"
"1326","01051066","equip","红宫衣(女款)"
"1327","01051067","equip","蓝宫衣(女款)"
"1328","01051068","equip","绿宫衣(女款)"
"1329","01051069","equip","黑宫衣(女款)"
"1330","01041105","equip","绿隐者之服(女款)"
"1331","01041106","equip","红隐者之服(女款)"
"1332","01041107","equip","黑隐者之服(女款)"
"1333","01051065","equip","黑飘云之衣"
"1334","01061104","equip","绿骷髅皮裙"
"1335","01061105","equip","红骷髅皮裙"
"1336","01061106","equip","黑骷髅皮裙"
"1337","01072309","equip","扬波"
"1338","01402004","equip","青云剑"
"1339","01002281","equip","褐天空之帽"
"1340","01002282","equip","蓝天空之帽"
"1341","01002283","equip","紫天空之帽"
"1342","01002284","equip","白天空之帽"
"1343","01002285","equip","红天空之帽"
"1344","01050092","equip","绿祭司长袍"
"1345","01050093","equip","蓝祭司长袍"
"1346","01050094","equip","红祭司长袍"
"1347","01050095","equip","黑祭司长袍"
"1348","01051082","equip","红色高丽贵妇袍"
"1349","01051083","equip","蓝色高丽贵妇袍"
"1350","01051084","equip","绿色高丽贵妇袍"
"1351","01051085","equip","黑色高丽贵妇袍"
"1352","01382013","equip","烈焰之杖"
"1353","01472018","equip","钢铁手甲"
"1354","01472019","equip","赤红手甲"
"1355","01472020","equip","黑手甲"
"1356","01002030","equip","银制战帽"
"1357","01002100","equip","旧青铜诺曼头盔"
"1358","01072161","equip","紫龙皮鞋"
"1359","01072162","equip","蓝龙皮鞋"
"1360","01372015","equip","天使之翼"
"1361","01372016","equip","凤凰短杖"
"1362","01041098","equip","紫暴风甲"
"1363","01041099","equip","红暴风甲"
"1364","01051057","equip","紫神仙之服(女款)"
"1365","01051058","equip","黑神仙之服(女款)"
"1366","01452010","equip","青神弓"
"1367","01050072","equip","绿神仙之服(男款)"
"1368","01050073","equip","蓝神仙之服(男款)"
"1369","01050074","equip","黑神仙之服(男款)"
"1370","01412009","equip","大力神之斧"
"1371","01332022","equip","小妖精刀"
"1372","01051077","equip","黄白银铠甲"
"1373","01051078","equip","红白银铠甲"
"1374","01051079","equip","蓝白银铠甲"
"1375","01051080","equip","黑白银铠甲"
"1376","01002327","equip","褐色海盗帽"
"1377","01002328","equip","绿色海盗帽"
"1378","01002329","equip","红色海盗帽"
"1379","01002330","equip","黑色海盗帽"
"1380","01050088","equip","红疾风服"
"1381","01050089","equip","蓝疾风服"
"1382","01050090","equip","绿疾风服"
"1383","01050091","equip","黑疾风服"
"1384","01072196","equip","黄鳞甲靴"
"1385","01072197","equip","紫鳞甲靴"
"1386","01072198","equip","银鳞甲靴"
"1387","01312010","equip","黄金斧"
"1388","04001019","material","通天塔魔法石觉醒卷轴"
"1389","01472031","equip","龙之拳"
"1390","100000063","material","装备碎片"
"1391","01302013","equip","红色鞭子"
"1392","100000064","material","稀有装备碎片"
"1393","01302013_0","equip","真·红色鞭子"
"1394","01702048","fashion","洗澡用手巾"
"1395","01702047","fashion","雪杖"
"1396","01702049","fashion","雪人手套"
"1397","01702050","fashion","手机"
"1398","01702051","fashion","灯笼"
"1399","01702055","fashion","征战弓"
"1400","01702056","fashion","黄色电吉他"
"1401","01702057","fashion","蓝色电吉他"
"1402","01702058","fashion","如来神掌"
"1403","01702059","fashion","仙人掌"
"1404","01702060","fashion","闪耀之弓"
"1405","01702061","fashion","烈焰神拳"
"1406","01702062","fashion","寒冰神拳"
"1407","01702063","fashion","剪刀"
"1408","01702064","fashion","石头"
"1409","01702065","fashion","布"
"1410","01702066","fashion","校园风拎包"
"1411","01702070","fashion","运动护带"
"1412","01702072","fashion","闪光大剑"
"1413","01702073","fashion","蓝闪耀之弩"
"1414","01702074","fashion","粉红闪耀之弩"
"1415","01702078","fashion","芭蕉扇"
"1416","01702079","fashion","蓝色激光剑"
"1417","01702080","fashion","绿色激光剑"
"1418","01702081","fashion","紫色激光剑"
"1419","01702082","fashion","天琴弓"
"1420","100000066","consume","钻石礼包"
"1421","100000067","consume","赞助币盒子(100)"
"1422","100000068","consume","赞助币盒子(1000)"
"1423","04001399","material","魔王蝙蝠怪封印石"
"1424","01302112","equip","蝙蝠怪的汤勺"
"1425","01302113","equip","蝙蝠怪的坲罗剑"
"1426","01312043","equip","蝙蝠怪的双利刃斧"
"1427","01312042","equip","蝙蝠怪的花灵之斧"
"1428","01322068","equip","蝙蝠怪的钉头锤"
"1429","01322069","equip","蝙蝠怪的毁灭之锤"
"1430","01322084","equip","没名字"
"1431","01332085","equip","蝙蝠怪的黑精灵拳刃"
"1432","01332086","equip","蝙蝠怪的可撒之剑"
"1433","01332087","equip","蝙蝠怪的霸杰之刃"
"1434","01372050","equip","蝙蝠怪的圣令牌"
"1435","01382066","equip","蝙蝠怪的魔灵之魂"
"1436","01382067","equip","蝙蝠怪的怒涛之杖"
"1437","01402056","equip","蝙蝠怪的青云剑"
"1438","01402057","equip","蝙蝠怪的亚历山大之剑"
"1439","01402058","equip","蝙蝠怪的斩魔刀"
"1440","01402059","equip","蝙蝠怪的双手镭剑"
"1441","01412038","equip","蝙蝠怪的大力神之斧"
"1442","01412039","equip","蝙蝠怪的格洛斧"
"1443","01422042","equip","蝙蝠怪的雷神之锤"
"1444","01422043","equip","蝙蝠怪的镭奥钉锤"
"1445","01432054","equip","蝙蝠怪的奥丁手戟"
"1446","01432055","equip","蝙蝠怪的佛罗利刃"
"1447","01442074","equip","蝙蝠怪的月神刀"
"1448","01442075","equip","蝙蝠怪的飞翔斧"
"1449","01452067","equip","蝙蝠怪的火焰艾伦弓"
"1450","01452068","equip","蝙蝠怪的黄金艾伦弓"
"1451","01452069","equip","蝙蝠怪的黑色艾伦弓"
"1452","01452070","equip","蝙蝠怪的梅杜斯"
"1453","01462059","equip","蝙蝠怪的沧海弩弓"
"1454","01462060","equip","蝙蝠怪的炎帝弩弓"
"1455","03010126","chair","蝙蝠魔王座"
"1456","01002986","equip","蝙蝠怪面具"
"1457","01372051","equip","蝙蝠怪的凤凰短杖"
"1458","102000000","consume","小型经验秘药"
"1459","100000069","consume","快乐百宝券"
"1460","01302023","equip","六脉神剑"
"1461","01302024","equip","废报纸卷"
"1462","01302025","equip","红雨伞"
"1463","01302026","equip","黑雨伞"
"1464","01302027","equip","绿雨伞"
"1465","01302028","equip","紫雨伞"
"1466","01302029","equip","褐雨伞"
"1467","01302037","equip","小号"
"1468","01302049","equip","光线鞭子"
"1469","01302061","equip","蔓藤鞭子"
"1470","01302071","equip","粉色花边游泳圈"
"1471","01302084","equip","火柴"
"1472","01302085","equip","叉子"
"1473","01302087","equip","火炬"
"1474","01302128","equip","绿火柴"
"1475","01312012","equip","乾坤圈"
"1476","01312013","equip","判官笔"
"1477","01312014","equip","阎王笔"
"1478","01322003","equip","棒棒果"
"1479","01322006","equip","钢管"
"1480","01322007","equip","皮制手提包"
"1481","01322008","equip","007提包"
"1482","01322010","equip","方形铁铲"
"1483","01322011","equip","三角铁铲"
"1484","01322012","equip","红色砖头"
"1485","01322021","equip","黑游泳圈"
"1486","01322022","equip","红花纹游泳圈"
"1487","01322023","equip","蓝花纹游泳圈"
"1488","01322024","equip","紫游泳圈"
"1489","01322025","equip","救命游泳圈"
"1490","01322027","equip","米伽勒的平底锅"
"1491","01322031","equip","葵花宝典"
"1492","01332021","equip","乌龙茶"
"1493","01332030","equip","团扇"
"1494","01322032","fashion","没名字"
"1495","01372008","equip","红日折扇"
"1496","01372017","equip","领路灯"
"1497","01382015","equip","毒蘑菇"
"1498","01382016","equip","香菇"
"1499","01402013","equip","白日剑"
"1500","01402029","equip","鬼刺狼牙棒"
"1501","01402063","equip","樱花伞"
"1502","01432009","equip","木精灵枪"
"1503","01432013","equip","南瓜枪"
"1504","01432015","equip","红色滑雪板"
"1505","01432016","equip","橙色滑雪板"
"1506","01432017","equip","绿色滑雪板"
"1507","01432018","equip","蓝色滑雪板"
"1508","01432046","equip","圣诞树手杖"
"1509","01442004","equip","拖把"
"1510","01442011","equip","冲浪板"
"1511","01442018","equip","冻冻鱼"
"1512","01442021","equip","黄拖把"
"1513","01442022","equip","白拖把"
"1514","01442023","equip","黑拖把"
"1515","01442054","equip","红色滑水板"
"1516","01442055","equip","绿色滑水板"
"1517","01442056","equip","蓝色滑水板"
"1518","01442057","equip","紫色滑水板"
"1519","01442065","equip","蓝色冲浪板"
"1520","01442066","equip","红色冲浪板"
"1521","03010001","chair","蓝色木椅"
"1522","03010002","chair","绿色时尚转椅"
"1523","03010003","chair","红色时尚转椅"
"1524","03010004","chair","黄蓝休闲椅"
"1525","03010005","chair","红蓝休闲椅"
"1526","03010006","chair","黄色时尚转椅"
"1527","03010007","chair","粉色海豹靠垫"
"1528","03010008","chair","蓝色海豹靠垫"
"1529","03010009","chair","榻榻凳"
"1530","03010010","chair","白色海豹靠垫"
"1531","03010012","chair","战士王座"
"1532","03010013","chair","粉红海滩遮阳椅"
"1533","03010014","chair","月亮弯"
"1534","03010016","chair","黑色海豹靠垫"
"1535","03010017","chair","金色海豹靠垫"
"1536","03010018","chair","椰子树沙滩椅"
"1537","03010019","chair","寿司椅"
"1538","03010029","chair","蓝环凳"
"1539","03010030","chair","黑环凳"
"1540","03010031","chair","红环凳"
"1541","03010032","chair","黄环凳"
"1542","03010033","chair","绿环凳"
"1543","03010034","chair","悠长假期(红色)"
"1544","03010035","chair","悠长假期(蓝色)"
"1545","03010036","chair","浪漫秋千"
"1546","03010039","chair","没名字"
"1547","03010040","chair","蝙蝠椅"
"1548","102000001","consume","中型经验秘药"
"1549","102000002","consume","大级经验秘药"
"1550","01302056","equip","一刀两断"
"1551","01302018","equip","汤勺"
"1552","03010021","chair","没名字"
"1553","03010022","chair","没名字"
"1554","03010023","chair","没名字"
"1555","03010024","chair","没名字"
"1556","03010025","chair","没名字"
"1557","03010026","chair","没名字"
"1558","03010027","chair","没名字"
"1559","03010028","chair","没名字"
"1560","03010037","chair","没名字"
"1561","03010038","chair","没名字"
"1562","03010041","chair","没名字"
"1563","03010042","chair","没名字"
"1564","03010043","chair","没名字"
"1565","03010044","chair","没名字"
"1566","03010045","chair","没名字"
"1567","03010046","chair","没名字"
"1568","03010047","chair","没名字"
"1569","03010048","chair","没名字"
"1570","03010049","chair","没名字"
"1571","03010050","chair","没名字"
"1572","03010051","chair","没名字"
"1573","03010052","chair","没名字"
"1574","03010053","chair","没名字"
"1575","03010054","chair","没名字"
"1576","03010055","chair","没名字"
"1577","03010056","chair","没名字"
"1578","03010057","chair","没名字"
"1579","03010058","chair","没名字"
"1580","03010059","chair","没名字"
"1581","03010060","chair","没名字"
"1582","03010061","chair","没名字"
"1583","03010062","chair","没名字"
"1584","03010063","chair","没名字"
"1585","03010064","chair","没名字"
"1586","03010065","chair","没名字"
"1587","03010066","chair","没名字"
"1588","03010067","chair","没名字"
"1589","03010068","chair","没名字"
"1590","03010069","chair","没名字"
"1591","03010070","chair","没名字"
"1592","03010071","chair","神兽椅"
"1593","03010072","chair","没名字"
"1594","03010073","chair","没名字"
"1595","03010074","chair","没名字"
"1596","03010075","chair","没名字"
"1597","03010076","chair","没名字"
"1598","03010077","chair","没名字"
"1599","03010078","chair","没名字"
"1600","03010079","chair","没名字"
"1601","03010080","chair","没名字"
"1602","03010081","chair","没名字"
"1603","03010082","chair","没名字"
"1604","03010083","chair","没名字"
"1605","03010084","chair","没名字"
"1606","03010085","chair","没名字"
"1607","03010086","chair","没名字"
"1608","03010087","chair","没名字"
"1609","03010088","chair","没名字"
"1610","03010089","chair","没名字"
"1611","03010090","chair","没名字"
"1612","03010091","chair","没名字"
"1613","03010092","chair","没名字"
"1614","03010093","chair","没名字"
"1615","03010094","chair","没名字"
"1616","03010095","chair","没名字"
"1617","03010096","chair","没名字"
"1618","03010097","chair","没名字"
"1619","03010098","chair","没名字"
"1620","03010099","chair","没名字"
"1621","03010100","chair","没名字"
"1622","01442017","equip","赤血雪板"
"1623","01322028","equip","钉头锤"
"1624","01422012","equip","雷神之锤"
"1625","01432010","equip","奥丁手戟"
"1626","01442019","equip","月神刀"
"1627","01382008","equip","魔灵之魂"
"1628","01402005","equip","斩魔刀"
"1629","01402035","equip","斩天刀"
"1630","01312015","equip","战魂之斧"
"1631","01312030","equip","烛影摇红"
"1632","01412010","equip","项羽之斧"
"1633","01322029","equip","雷神钉"
"1634","01322045","equip","震雷钉"
"1635","01422013","equip","狮子之魂"
"1636","01422027","equip","泰坦之锤"
"1637","01432011","equip","寒冰破魔枪"
"1638","01432030","equip","红莲落神枪"
"1639","01442020","equip","巨灵开山斧"
"1640","01442044","equip","战魂斗杀戟"
"1641","01452025","equip","蓝色梅杜斯"
"1642","01452019","equip","天鹰弓(白)"
"1643","01462018","equip","红炎神机弩"
"1644","01462016","equip","金圣鹞弩(黄)"
"1645","01332027","equip","飞羽刃"
"1646","01332052","equip","阴风碎魂刃"
"1647","01332051","equip","黄金双牙钩"
"1648","01472033","equip","虎纹拳套"
"1649","01472053","equip","逆龙咆哮拳"
"1650","01372009","equip","慈悲为怀"
"1651","01372010","equip","嗜魂法杖"
"1652","01382037","equip","偃月之杖"
"1653","01382035","equip","冰肌玲珑杖"
"1654","01302018_s","equip","强化汤勺"
"1655","01302023_s","equip","强化六脉神剑"
"1656","01302056_s","equip","强化一刀两断"
"1657","01302059_s","equip","强化狂龙闪电剑"
"1658","01302081_s","equip","强化破甲剑"
"1659","01402004_s","equip","强化青云剑"
"1660","01402005_s","equip","强化斩魔刀"
"1661","01402035_s","equip","强化斩天刀"
"1662","01402036_s","equip","强化飞龙巨剑"
"1663","01402046_s","equip","强化玄冥剑"
"1664","01312015_s","equip","强化玄冥剑"
"1665","01312030_s","equip","强化烛影摇红"
"1666","01312031_s","equip","强化狂龙怒斩"
"1667","01312037_s","equip","强化断蚺斧"
"1668","01312011_s","equip","强化花灵之斧"
"1669","01412009_s","equip","强化大力神之斧"
"1670","01412010_s","equip","强化项羽之斧"
"1671","01412021_s","equip","强化龙魂祭"
"1672","01412026_s","equip","强化龙魂祭"
"1673","01412033_s","equip","强化碎鼋斧"
"1674","01322028_s","equip","强化钉头锤"
"1675","01322029_s","equip","强化雷神钉"
"1676","01322045_s","equip","强化震雷钉"
"1677","01322052_s","equip","强化狂龙地锤"
"1678","01322060_s","equip","强化惊破天"
"1679","01422012_s","equip","强化雷神之锤"
"1680","01422013_s","equip","强化狮子之魂"
"1681","01422027_s","equip","强化泰坦之锤"
"1682","01422028_s","equip","强化金龙轰天锤"
"1683","01422037_s","equip","强化威震天"
"1684","01432010_s","equip","强化奥丁手戟"
"1685","01432011_s","equip","强化寒冰破魔枪"
"1686","01432030_s","equip","强化红莲落神枪"
"1687","01432038_s","equip","强化盘龙七冲枪"
"1688","01432047_s","equip","强化显圣枪"
"1689","01442019_s","equip","强化月神刀"
"1690","01442020_s","equip","强化巨灵开山斧"
"1691","01442044_s","equip","强化战魂斗杀戟"
"1692","01442045_s","equip","强化血龙神斧"
"1693","01442063_s","equip","强化神光戟"
"1694","01452015_s","equip","强化玄武弓"
"1695","01452025_s","equip","强化蓝色梅杜斯"
"1696","01452019_s","equip","强化天鹰弓(白)"
"1697","01452044_s","equip","强化金龙振翅弓"
"1698","01452057_s","equip","强化惊电弓"
"1699","01462013_s","equip","强化黑暗弩弓"
"1700","01462018_s","equip","强化红炎神机弩"
"1701","01462016_s","equip","强化金圣鹞弩(黄)"
"1702","01462039_s","equip","强化黄金飞龙弩"
"1703","01462050_s","equip","强化冥雷弩"
"1704","01332022_s","equip","强化小妖精刀"
"1705","01332027_s","equip","强化飞羽刃"
"1706","01332052_s","equip","强化阴风碎魂刃"
"1707","01332050_s","equip","强化半月龙鳞裂"
"1708","01332074_s","equip","强化断首刃"
"1709","01472031_s","equip","强化龙之拳"
"1710","01472033_s","equip","强化虎纹拳套"
"1711","01472053_s","equip","强化虎纹拳套"
"1712","01472051_s","equip","强化寒木升龙拳"
"1713","01472068_s","equip","强化大悲赋"
"1714","01372016_s","equip","强化凤凰短杖"
"1715","01372009_s","equip","强化慈悲为怀"
"1716","01372010_s","equip","强化嗜魂法杖"
"1717","01372032_s","equip","强化佘太君龙杖"
"1718","01372044_s","equip","强化蝶翼杖"
"1719","01382008_s","equip","强化魔灵之魂"
"1720","01382035_s","equip","强化冰肌玲珑杖"
"1721","01382037_s","equip","强化偃月之杖"
"1722","01382036_s","equip","强化黑精灵王杖"
"1723","01382057_s","equip","强化冰轮杖"
"1724","01422010","equip","封魂之锤"
"1725","01322019","equip","暴风锤"
"1726","01051054_0","equip","褐天上之衣(女款)"
"1727","01050068_0","equip","红天上之衣(男款)"
"1728","03010110","chair","舒适大白熊椅子"
"1729","03010454","chair","爱心云朵椅"
"1730","01092000","equip","钢盾"
"1731","01092002","equip","红十字盾牌"
"1732","01092003","equip","木盾"
"1733","01332006","equip","战斗短刀"
"1734","01051000","equip","钢铁铠甲"
"1735","01041027","equip","红硬皮装"
"1736","01041028","equip","紫硬皮装"
"1737","01061024","equip","绿硬皮裙"
"1738","01061025","equip","红硬皮裙"
"1739","01061026","equip","紫硬皮裙"
"1740","01072019","equip","蓝宝石鞋"
"1741","01072020","equip","紫宝石鞋"
"1742","01072021","equip","红宝石鞋"
"1743","01432001","equip","叉枪"
"1744","01072011","equip","锂矿战斗鞋"
"1745","01412021","equip","伐木斧"
"1746","01002613","equip","水手帽"
"1747","01002616","equip","水兵头巾"
"1748","01002619","equip","兵长头巾"
"1749","01422000","equip","木锤"
"1750","01041025","equip","粉红锦丝紧身衣"
"1751","01041026","equip","黄锦丝紧身衣"
"1752","01060027","equip","褐色铁板裤子"
"1753","01002005","equip","钢制骑士头盔"
"1754","01041008","equip","绿皮制旅行服"
"1755","01061006","equip","绿旅行皮裙"
"1756","01072072","equip","银飘风鞋"
"1757","01072073","equip","黄飘风鞋"
"1758","01072074","equip","黑飘风鞋"
"1759","01050005","equip","蓝剑道服"
"1760","01050006","equip","红剑道服"
"1761","01050007","equip","白剑道服"
"1762","01052104","equip","海盗头目装"
"1763","01372012","equip","水晶短杖"
"1764","01092004","equip","骷髅盾"
"1765","01092005","equip","木制圆盾"
"1766","01092006","equip","锂矿圆盾"
"1767","01092007","equip","战斗盾牌"
"1768","01092008","equip","锅盖"
"1769","01092009","equip","古老木盾"
"1770","01092010","equip","古老银盾"
"1771","01092011","equip","古老朱矿盾"
"1772","01092012","equip","钢铁方盾"
"1773","01092013","equip","锂矿方盾"
"1774","01092014","equip","朱矿方盾"
"1775","01092015","equip","钢铁古盾牌"
"1776","01092016","equip","银古盾牌"
"1777","01092017","equip","黄金古盾牌"
"1778","01092018","equip","飞侠盾牌"
"1779","01092019","equip","褐色飞侠盾牌"
"1780","01092020","equip","黑色飞侠盾牌"
"1781","01092021","equip","光子盾"
"1782","01092023","equip","铜狮鹫盾"
"1783","01092024","equip","银狮鹫盾"
"1784","01092025","equip","金狮鹫盾"
"1785","01092026","equip","铜圣十字盾"
"1786","01092027","equip","银圣十字盾"
"1787","01092028","equip","金圣十字盾"
"1788","01092029","equip","电磁光盾"
"1789","01472016","equip","朱矿护腕"
"1790","01041081","equip","白女贵族服"
"1791","01041082","equip","褐女贵族服"
"1792","01041083","equip","黑女贵族服"
"1793","01402003","equip","虎剑"
"1794","01402001","equip","木剑"
"1795","01060012","equip","蓝修炼裤"
"1796","01060013","equip","灰修炼裤"
"1797","01060014","equip","黑伽蓝裤"
"1798","01060015","equip","白伽蓝裤"
"1799","01041044","equip","赤夜"
"1800","01041045","equip","黄夜"
"1801","01061037","equip","赤夜裤"
"1802","01061038","equip","黄夜裤"
"1803","01002117","equip","红箭翎帽"
"1804","01002118","equip","蓝箭翎帽"
"1805","01002119","equip","绿箭翎帽"
"1806","01002120","equip","黑箭翎帽"
"1807","01002121","equip","褐箭翎帽"
"1808","01402009","equip","木球棍"
"1809","01322000","equip","铁瓜锤"
"1810","01041015","equip","黑棉制紧身衣"
"1811","01041016","equip","绿棉制紧身衣"
"1812","01041017","equip","紫锦丝紧身衣"
"1813","01041018","equip","绿锦丝紧身衣"
"1814","01061012","equip","紫锦丝紧身裙"
"1815","01061013","equip","绿锦丝紧身裙"
"1816","01041062","equip","黄皮制旅行服"
"1817","01041063","equip","黑皮制旅行服"
"1818","01061058","equip","褐旅行皮裙"
"1819","01061059","equip","灰旅行皮裙"
"1820","01002033","equip","狗皮帽"
"1821","01002010","equip","褐色高级皮帽"
"1822","01432005","equip","双天戟"
"1823","01412012","equip","伐木斧"
"1824","01072285","equip","水手拖鞋"
"1825","01040013","equip","白线青T恤"
"1826","01041012","equip","黄色红线短T"
"1827","01060004","equip","灰色橡胶裤"
"1828","01060007","equip","蓝马裤"
"1829","01061009","equip","绿色旅行裙"
"1830","01002610","equip","水手头巾"
"1831","01052095","equip","小海盗套装"
"1832","01072004","equip","白橡胶鞋"
"1833","01002043","equip","青铜头盔"
"1834","01432000","equip","长枪"
"1835","01452024","equip","没名字"
"1836","01002019","equip","白头巾"
"1837","01412001","equip","铁斧"
"1838","01072023","equip","褐安全鞋"
"1839","01072024","equip","黑安全鞋"
"1840","01072007","equip","褐旅行鞋"
"1841","01061014","equip","红皮甲裤"
"1842","01002008","equip","褐色皮帽"
"1843","01061027","equip","黑伽蓝裙"
"1844","01061028","equip","白伽蓝裙"
"1845","01041014","equip","黄皮制铠甲"
"1846","01372013","equip","竹杖"
"1847","01402018","equip","幻木剑"
"1848","01040014","equip","橙色运动T恤"
"1849","01052098","equip","海盗套装"
"1850","01322034","equip","铁棍"
"1851","01312006","equip","大斧"
"1852","01322017","equip","旋风锤"
"1853","01402010","equip","铝球棍"
"1854","01472017","equip","黑护腕"
"1855","01072300","equip","钩魂铁脚"
"1856","01041013","equip","绿硬皮装"
"1857","01002064","equip","孙悟空青铜头箍"
"1858","01002065","equip","孙悟空钢制头箍"
"1859","01432003","equip","刺枪"
"1860","01402006","equip","高原之剑"
"1861","01412005","equip","格斗斧"
"1862","01472006","equip","朱矿指虎"
"1863","01002097","equip","黄星头巾"
"1864","01472009","equip","锂矿斗拳"
"1865","01472012","equip","银守护拳套"
"1866","01002039","equip","青铜头盔"
"1867","01002040","equip","锂矿帽"
"1868","01041061","equip","黄旅行服"
"1869","01302006","equip","逆月刀"
"1870","01332008","equip","牙刀"
"1871","01072069","equip","红皮质鞋子"
"1872","01002027","equip","铁制尖头具"
"1873","01041029","equip","黑伽蓝"
"1874","01041030","equip","紫伽蓝"
"1875","01041031","equip","紫硬皮装"
"1876","01061016","equip","红十字军裙"
"1877","01061015","equip","蓝骑士裙"
"1878","01061017","equip","绿十字军裙"
"1879","01061018","equip","褐十字军裙"
"1880","01061019","equip","天蓝骑士裙"
"1881","01061020","equip","红皮甲裤"
"1882","01302022","equip","竹刀"
"1883","01051010","equip","黑护身铠甲"
"1884","01051011","equip","红护身铠甲"
"1885","01051012","equip","蓝护身铠甲"
"1886","01051013","equip","黄护身铠甲"
"1887","01422001","equip","锂矿锤"
"1888","01072112","equip","蓝铁头鞋"
"1889","01072113","equip","黑铁头鞋"
"1890","01462006","equip","白银弩"
"1891","01051009","equip","紫飞影甲"
"1892","01332003","equip","破碎刃"
"1893","01060051","equip","红暗影之裤"
"1894","01060052","equip","黑暗影之裤"
"1895","01040062","equip","红暗影之服"
"1896","01040063","equip","黑暗影之服"
"1897","01002102","equip","蓝色魔法帽"
"1898","01002103","equip","粉红魔法帽"
"1899","01002104","equip","绿色魔法帽"
"1900","01002105","equip","黑色魔法帽"
"1901","01002106","equip","褐色魔法帽"
"1902","01412004","equip","绿蛇刀"
"1903","01041074","equip","花精之影"
"1904","01041075","equip","火焰之影"
"1905","01041076","equip","深夜之影"
"1906","01061069","equip","树林之裤"
"1907","01061070","equip","沧海之裤"
"1908","01061071","equip","黑暗之裤"
"1909","01412002","equip","钢铁斧"
"1910","01002156","equip","红打猎帽"
"1911","01002157","equip","蓝打猎帽"
"1912","01002158","equip","绿打猎帽"
"1913","01002159","equip","黑打猎帽"
"1914","01002160","equip","褐打猎帽"
"1915","01060009","equip","铁板裤"
"1916","01041039","equip","粉红旗袍"
"1917","01041040","equip","蓝色旗袍"
"1918","01061040","equip","红旗袍裙"
"1919","01061041","equip","紫旗袍裙"
"1920","01061042","equip","蓝旗袍裙"
"1921","01052101","equip","海盗马甲"
"1922","01002047","equip","红色战斗头盔"
"1923","01002048","equip","蓝色战斗头盔"
"1924","01041032","equip","绿打猎服"
"1925","01041033","equip","红打猎服"
"1926","01041034","equip","蓝打猎服"
"1927","01041035","equip","黄打猎服"
"1928","01432002","equip","三支枪"
"1929","01041007","equip","绿色旅行服"
"1930","01002074","equip","蓝色旧魔法帽"
"1931","01002075","equip","红色旧魔法帽"
"1932","01050021","equip","蓝十字锁子甲"
"1933","01050022","equip","黑十字锁子甲"
"1934","01051008","equip","蓝飞影甲"
"1935","01422005","equip","黄金锤"
"1936","01002637","equip","绞杀包头"
"1937","01332028","equip","烈焰之刃"
"1938","01002108","equip","没名字"
"1939","01072297","equip","防污靴"
"1940","01412003","equip","太阳之斧"
"1941","01041092","equip","红钢玉铠甲"
"1942","01352200","equip","力量吊坠"
"1943","01352201","equip","命令吊坠"
"1944","01352202","equip","美德吊坠"
"1945","01352210","equip","神圣念珠"
"1946","01352211","equip","圣洁念珠"
"1947","01352212","equip","圣灵念珠"
"1948","01352220","equip","荒凉锁链"
"1949","01352221","equip","黑暗锁链"
"1950","01352222","equip","狂暴锁链"
"1951","01352230","equip","力量吊坠"
"1952","01352231","equip","命令吊坠"
"1953","01352232","equip","美德吊坠"
"1954","01352240","equip","力量吊坠"
"1955","01352241","equip","命令吊坠"
"1956","01352242","equip","美德吊坠"
"1957","01352250","equip","力量吊坠"
"1958","01352251","equip","命令吊坠"
"1959","01352252","equip","美德吊坠"
"1960","01352260","equip","没名字"
"1961","01352261","equip","没名字"
"1962","01352262","equip","没名字"
"1963","01352270","equip","没名字"
"1964","01352271","equip","没名字"
"1965","01352272","equip","没名字"
"1966","01352280","equip","没名字"
"1967","01352281","equip","没名字"
"1968","01352282","equip","没名字"
"1969","01352290","equip","没名字"
"1970","01352291","equip","没名字"
"1971","01352292","equip","没名字"
"1972","01412008","equip","雷电斧"
"1973","04006000","material","魔法石"
"1974","04006001","material","召回石"
"1975","04031059","quest","黑符"
"1976","04031057","quest","力气项链"
"1977","04004004","material","黑暗水晶母矿"
"1978","04005004","material","黑暗水晶"
"1979","04031058","quest","智慧项链"
"1980","02070006_1","consume","齿轮镖"
"1981","01072369","equip","绿黏液鞋子"
"1982","100000070","material","绿水币"
"1983","02060001_1","consume","青铜弓矢"
"1984","02061001_1","consume","青铜弩矢"
"1985","02070002_1","consume","黑色利刃"
"1986","04034124","material","绿水碎片"
"1987","04001531","material","软乎乎的液体"
"1988","100000071","material","相转移镜面"
"1989","100000072","material","分解钻石"
"1990","100000074","material","奇幻星石"
"1991","01042086","fashion","摄影师夹克"
"1992","01042088","fashion","黑色骷髅马甲"
"1993","01042089","fashion","蓝色棉马甲"
"1994","01042090","fashion","红色骷髅马甲"
"1995","01042091","fashion","粉色棉马甲"
"1996","01042092","fashion","红心小夹克"
"1997","01042093","fashion","双排扣小外套"
"1998","01042094","fashion","高领小毛衣"
"1999","01042095","fashion","黑色夹克"
"2000","01042096","fashion","超人T恤"
"2001","01042098","fashion","卡莫套头夹克"
"2002","01042099","fashion","海蓝条纹连帽衫"
"2003","01042100","fashion","拽拽中性西装"
"2004","01042101","fashion","白领服"
"2005","01042102","fashion","海军T恤"
"2006","01042103","fashion","白色随意T恤"
"2007","01042104","fashion","小绿叶T恤"
"2008","01042105","fashion","小红叶T恤"
"2009","04000153","material","潜水镜组"
"2010","02022040","consume","空气玲"
"2011","01302108","equip","雷光剑"
"2012","01302106","equip","冰焰刀"
"2013","01302153","equip","阿加雷斯血色拳刃"
"2014","01302153_s","equip","强化血色拳刃"
"2015","01402096","equip","阿加雷斯血色巨剑"
"2016","01402096_s","equip","强化血色巨剑"
"2017","01312066","equip","阿加雷斯血色斧"
"2018","01312066_s","equip","强化血色斧"
"2019","01412066","equip","阿加雷斯血色大斧"
"2020","01412066_s","equip","强化血色大斧"
"2021","01432087","equip","阿加雷斯血色枪"
"2022","01432087_s","equip","强化血色枪"
"2023","01442117","equip","阿加雷斯血色矛"
"2024","01442117_s","equip","强化血色矛"
"2025","01372085","equip","艾里格斯血色短杖"
"2026","01372085_s","equip","强化血色短杖"
"2027","01322097","equip","阿加雷斯血色锤"
"2028","01322097_s","equip","强化血色锤"
"2029","01422067","equip","阿加雷斯血色大槌"
"2030","01422067_s","equip","强化血色大槌"
"2031","01382105","equip","艾里格斯血色笞鞭"
"2032","01382105_s","equip","强化血色笞鞭"
"2033","01452112","equip","伊布斯血色长弓"
"2034","01452112_s","equip","强化血色长弓"
"2035","01462100","equip","伊布斯血色弩"
"2036","01462100_s","equip","强化血色弩"
"2037","01472123","equip","赫尔巴斯血色手套"
"2038","01472123_s","equip","强化血色手套"
"2039","01332131","equip","赫尔巴斯血色击破者"
"2040","01332131_s","equip","强化血色击破者"
"2041","04000154","material","小海豹玩偶"
"2042","01112951","equip","没名字"
"2043","01112952","equip","没名字"
"2044","01112663","equip","没名字"
"2045","01112586","equip","没名字"
"2046","01112664","equip","没名字"
"2047","01112665","equip","没名字"
"2048","01042357","fashion","幽灵小白"
"2049","01042106","fashion","彩虹蓝T恤"
"2050","01042107","fashion","紫印花T恤"
"2051","01042108","fashion","水印闪星背心"
"2052","01042109","fashion","暖暖防风夹克衫"
"2053","01042110","fashion","朱红加厚棉线衫"
"2054","01042116","fashion","噢耶大衣"
"2055","01042117","fashion","绿色棒球夹克衫"
"2056","01042118","fashion","红色格子衬衫"
"2057","01042119","fashion","围领大衣"
"2058","01042120","fashion","蓝色纯情大衣"
"2059","01042121","fashion","粉色纯情大衣"
"2060","01042122","fashion","名侦探制服"
"2061","01042125","fashion","兔兔包T恤"
"2062","01042126","fashion","红黑运动拉链衫"
"2063","01042127","fashion","宽松白衫"
"2064","01042130","fashion","长金链短T"
"2065","01042131","fashion","休闲马甲两件套"
"2066","01042132","fashion","爱情海蓝T恤"
"2067","01042133","fashion","蓝条纹两件套"
"2068","01042134","fashion","黄色半袖T恤"
"2069","01042135","fashion","变身用黑军官铠甲"
"2070","01042136","fashion","变身用红守护之服"
"2071","01042137","fashion","变身用黑夜"
"2072","01042138","fashion","银链街头背心"
"2073","01042140","fashion","探险家衬衫"
"2074","01042141","fashion","粉星短袖T恤"
"2075","01042142","fashion","彩虹条背心"
"2076","01042143","fashion","点点围脖上衣"
"2077","01042144","fashion","蓝格子短袖衬衫"
"2078","01042145","fashion","黄色小鸭T恤"
"2079","01042146","fashion","星星连帽衫"
"2080","01042147","fashion","斯马特针织背心"
"2081","01042149","fashion","灰条纹休闲衫"
"2082","01042150","fashion","靶心黑T恤"
"2083","01042151","fashion","黄格绒线上衣"
"2084","01042152","fashion","如意棉服"
"2085","01042153","fashion","红呢绒格子外套"
"2086","01042154","fashion","吉祥棉服"
"2087","01042155","fashion","天空前卫夹克"
"2088","01042156","fashion","银河系T恤"
"2089","01042157","fashion","粉红爱心T恤"
"2090","01042158","fashion","黑白短款夹克"
"2091","01042159","fashion","小蜜蜂背带"
"2092","01042160","fashion","蓝格子套头衫"
"2093","01042161","fashion","嫩黄连帽卫衣"
"2094","01042162","fashion","蓝条纹棉背心"
"2095","01042163","fashion","我最IN－T恤"
"2096","01042164","fashion","绿领带衬衣"
"2097","01042165","fashion","粉色领结小背心"
"2098","01042166","fashion","摩托夹克"
"2099","01042167","fashion","朴素的武士服"
"2100","01042168","fashion","闪电T恤"
"2101","01042169","fashion","冲锋者T恤"
"2102","01042170","fashion","酷夏T恤"
"2103","01042172","fashion","高尔夫上衣"
"2104","01042173","fashion","绿油油polo衫"
"2105","01042174","fashion","野营服"
"2106","01042176","fashion","I LOVE CHINA"
"2107","01042177","fashion","修身小外套"
"2108","01042178","fashion","小狗T恤"
"2109","01042180","fashion","普通的格子衬衫"
"2110","01042181","fashion","拿破仑上衣"
"2111","01042182","fashion","蓝色牛仔衬衣"
"2112","01042183","fashion","粉灰格子衫"
"2113","01042184","fashion","豹纹围巾上衣"
"2114","01042185","fashion","后街吉姆"
"2115","01042186","fashion","黑皮马甲"
"2116","01042187","fashion","粉红绒绒衫"
"2117","01042188","fashion","彩虹苹果T恤"
"2118","01042189","fashion","羊羊上衣"
"2119","01042190","fashion","双刀情侣衫"
"2120","01042192","fashion","韩版休闲西装"
"2121","01042193","fashion","休闲风两件套"
"2122","01042194","fashion","经典款T恤"
"2123","01042198","fashion","彩虹T恤"
"2124","01042199","fashion","粉色笑脸T恤"
"2125","01042200","fashion","蓝色笑脸T恤"
"2126","01042202","fashion","小企企卷边T恤"
"2127","01042203","fashion","麦芽围脖T恤"
"2128","01042204","fashion","汉堡T恤"
"2129","01042206","fashion","黑色皮夹克"
"2130","01042207","fashion","星纹运动服"
"2131","01042208","fashion","大象卫衣"
"2132","01042209","fashion","摩斯绿条纹马夹"
"2133","01042210","fashion","摩斯粉条纹马夹"
"2134","01042212","fashion","蓝色雪花卫衣"
"2135","01042213","fashion","粉色雪花卫衣"
"2136","01042214","fashion","粉条纹两件套"
"2137","01042215","fashion","美国梦"
"2138","01042216","fashion","枫叶网球服"
"2139","01042217","fashion","黑色枫叶网球服"
"2140","01042218","fashion","木莓糖果套头衫"
"2141","01042219","fashion","蓝莓糖果套头衫"
"2142","01042220","fashion","亮片表演上装"
"2143","01042221","fashion","白色篮球T恤"
"2144","01042222","fashion","柠檬色可爱T恤"
"2145","01042223","fashion","[派对]白色西装"
"2146","01042224","fashion","[派对]黑色皮夹克"
"2147","01042225","fashion","[派对]红色定制夹克"
"2148","01042226","fashion","[派对]探险家衬衫"
"2149","01042227","fashion","[派对]兔兔包T恤"
"2150","01042232","fashion","灰主流套衫"
"2151","01042233","fashion","白银三叶草连帽T恤"
"2152","01042234","fashion","黄金三叶草T恤"
"2153","01042235","fashion","爱丽丝兔上衣"
"2154","01042236","fashion","苹果绿毛衣"
"2155","01042237","fashion","黑白潮人马甲"
"2156","01042238","fashion","粉红兔毛衣"
"2157","01042239","fashion","黄色冲锋衣"
"2158","01042240","fashion","霞光短袖T恤"
"2159","01042241","fashion","飞翔紫罗兰"
"2160","01042242","fashion","无袖水手上衣"
"2161","01042243","fashion","暗黑龙王的腹肌花纹T恤"
"2162","01042244","fashion","运动会优胜组上衣"
"2163","01042245","fashion","超级嫩黄连帽卫衣"
"2164","01042246","fashion","超级宽松白衫"
"2165","01042247","fashion","[特制]灰色棒球上衣"
"2166","01042248","fashion","[特制]黄蜘蛛衫"
"2167","01042249","fashion","[特制]红极地大衣"
"2168","01042250","fashion","超级乳白彩虹"
"2169","01042251","fashion","蛇年嘻哈卫衣"
"2170","01042252","fashion","高尔夫无袖T恤"
"2171","01042128","fashion","苹果绿短袖衫"
"2172","01042129","fashion","休闲领带装"
"2173","01000024","fashion","结婚帽"
"2174","01000025","fashion","朝圣者帽子"
"2175","01000027","fashion","金童帽"
"2176","01000028","fashion","韩国武官帽"
"2177","01000029","fashion","新娘面纱"
"2178","01000030","fashion","夏其尔的假发"
"2179","01000031","fashion","比耶莫特的假发"
"2180","01000032","fashion","亚努斯的假发"
"2181","01000035","fashion","结婚礼帽"
"2182","01000036","fashion","结婚帽"
"2183","01000037","fashion","日式女发套"
"2184","01000038","fashion","丝带"
"2185","01000039","fashion","战士觉醒系列/帽子"
"2186","01000040","fashion","冰雪头盔"
"2187","01000041","fashion","贵族晚宴帽"
"2188","01000042","fashion","拿破仑帽子"
"2189","01000043","fashion","圣诞节装饰帽-男孩"
"2190","01000044","fashion","闪耀Boy帽子"
"2191","01000045","fashion","军团长假发-男款"
"2192","01000046","fashion","精灵王假发-男款"
"2193","01000050","fashion","薄荷雪水晶"
"2194","01000058","fashion","长青使道帽"
"2195","01000060","fashion","真红犄角"
"2196","01000061","fashion","阿尔卑斯少年帽"
"2197","01000062","fashion","兔子胡萝卜绒线帽(蓝)"
"2198","01000064","fashion","神鸣之巫女帽"
"2199","01000069","fashion","隐月花帽"
"2200","01000070","fashion","蹦蹦邦尼帽"
"2201","01000071","fashion","蓝色蝴蝶结礼帽"
"2202","01000072","fashion","蓝色钱包君"
"2203","01000074","fashion","秋游贝雷帽"
"2204","01000076","fashion","蝴蝶小礼帽"
"2205","01000077","fashion","迪伦大礼帽"
"2206","01000079","fashion","疯狂医生螺丝帽"
"2207","01000082","fashion","时尚达人假发（男）"
"2208","01000083","fashion","冒险岛庆典假发"
"2209","01000084","fashion","蓝天飞翔帽"
"2210","01000085","fashion","海蓝宝石"
"2211","01000086","fashion","提姆假发"
"2212","01000087","fashion","蓝色加州梦头巾"
"2213","01000088","fashion","超能力者假发"
"2214","01000090","fashion","小蓝蓝套头帽（男）"
"2215","01000091","fashion","玫瑰誓约兜帽"
"2216","01000092","fashion","玩具城士兵帽"
"2217","01000093","fashion","甜甜圈帽子(男)"
"2218","01001000","fashion","花毛线帽"
"2219","01001001","fashion","韩服帽子"
"2220","01001002","fashion","魔女帽"
"2221","01001003","fashion","粉红护士帽"
"2222","01001004","fashion","白色护士帽"
"2223","01001005","fashion","女忍者帽"
"2224","01001006","fashion","SF忍者帽"
"2225","01001007","fashion","日式女发套"
"2226","01001008","fashion","小姐帽子"
"2227","01001009","fashion","丝带"
"2228","01001010","fashion","熊帽子"
"2229","01001011","fashion","草莓帽子"
"2230","01001013","fashion","贝雷帽"
"2231","01001014","fashion","粉狼钢盔"
"2232","01001015","fashion","黄熊钢盔"
"2233","01001016","fashion","黑豹钢盔"
"2234","01001017","fashion","蓝心头冠"
"2235","01001018","fashion","蓝遮阳帽"
"2236","01001019","fashion","粉遮阳帽"
"2237","01001020","fashion","黄遮阳帽"
"2238","01001021","fashion","优雅舞会帽子"
"2239","01001022","fashion","红心头箍"
"2240","01001023","fashion","沙滩帽"
"2241","01001024","fashion","蓝水晶头箍"
"2242","01001025","fashion","黄宝石头箍"
"2243","01001031","fashion","白乖乖猫耳"
"2244","01001032","fashion","黑乖乖猫耳"
"2245","01001033","fashion","花边头巾"
"2246","01001034","fashion","结婚帽"
"2247","01001035","fashion","圣女孩红帽"
"2248","01001036","fashion","圣诞女孩子帽"
"2249","01001037","fashion","豹皮帽"
"2250","01001038","fashion","韩服头饰"
"2251","01001039","fashion","玉女帽"
"2252","01001040","fashion","宫中侍女帽"
"2253","01001041","fashion","医女帽"
"2254","01001042","fashion","紫环头纱"
"2255","01001043","fashion","粉色王冠"
"2256","01001044","fashion","绿色婚纱头纱"
"2257","01001045","fashion","夏其尔的假发"
"2258","01001046","fashion","比耶莫特的假发"
"2259","01001047","fashion","亚努斯的假发"
"2260","01001048","fashion","鬼娃娃帽"
"2261","01001049","fashion","鬼娃娃发带"
"2262","01001062","fashion","伊丽莎白假发"
"2263","01001063","fashion","快乐圣诞帽"
"2264","01001064","fashion","闪耀Girl帽子"
"2265","01001065","fashion","粉红天使帽"
"2266","01001066","fashion","红帽子头巾"
"2267","01001068","fashion","军团长假发-女款"
"2268","01001069","fashion","精灵王假发-女款"
"2269","01001070","fashion","安哥拉金色牧羊帽"
"2270","01001071","fashion","安哥拉银色牧羊帽"
"2271","01001075","fashion","圣地之星"
"2272","01001076","fashion","樱桃雪水晶"
"2273","01001082","fashion","红帽子头巾"
"2274","01001085","fashion","粉蝴蝶发卡"
"2275","01001088","fashion","阿尔卑斯少女帽"
"2276","01001089","fashion","兔子胡萝卜绒线帽(粉)"
"2277","01001090","fashion","可爱猫咪斗篷"
"2278","01001093","fashion","风风邦尼帽"
"2279","01001095","fashion","粉红钱包君"
"2280","01001098","fashion","恋恋蝴蝶发卡"
"2281","01001099","fashion","罗莎莉娅的玫瑰帽"
"2282","01001100","fashion","蝴蝶结天使帽"
"2283","01001101","fashion","圣诞女孩子帽"
"2284","01001103","fashion","时尚达人假发（女）"
"2285","01001104","fashion","冒险岛庆典假发"
"2286","01001105","fashion","粉红飞翔帽"
"2287","01001106","fashion","粉红宝石"
"2288","01001107","fashion","莫莫假发"
"2289","01001108","fashion","粉红加州梦头巾"
"2290","01001109","fashion","欧黛特三重冠"
"2291","01001110","fashion","超能力者假发"
"2292","01001112","fashion","小粉粉套头帽（女）"
"2293","01001113","fashion","玫瑰誓约面纱"
"2294","01001114","fashion","玩具城士兵帽"
"2295","01001115","fashion","甜甜圈丝带(女)"
"2296","01002825","fashion","水瓶座发夹"
"2297","01002826","fashion","双鱼座发夹"
"2298","01002827","fashion","白羊座发夹"
"2299","01002828","fashion","金牛座发夹"
"2300","01002829","fashion","双子座发夹"
"2301","01002830","fashion","巨蟹座发夹"
"2302","01002831","fashion","狮子座发夹"
"2303","01002832","fashion","处女座发夹"
"2304","01002833","fashion","天秤座发夹"
"2305","01002834","fashion","天蝎座发夹"
"2306","01002835","fashion","射手座发夹"
"2307","01002836","fashion","山羊座发夹"
"2308","01002839","fashion","南瓜棒球帽"
"2309","01002840","fashion","嫩黄小鸡帽"
"2310","01002841","fashion","幽灵小熊"
"2311","01002842","fashion","狐狸耳朵"
"2312","01002843","fashion","骄傲的银狐狸"
"2313","01002845","fashion","小兔兔遮阳帽"
"2314","01002847","fashion","青蛙帽子"
"2315","01002848","fashion","章鱼丸子帽"
"2316","01002849","fashion","熊猫宝贝帽"
"2317","01002851","fashion","金鸡官帽"
"2318","01002863","fashion","小熊熊可爱帽"
"2319","01002877","fashion","牛牛贺岁帽子"
"2320","01002878","fashion","乖娃娃绒线帽"
"2321","01002884","fashion","宝贝粉色小熊帽"
"2322","01002885","fashion","心型蝴蝶结"
"2323","01002888","fashion","丝带发箍（红色）"
"2324","01002890","fashion","丝带发箍（蓝色）"
"2325","01002903","fashion","时尚粉色头巾"
"2326","01002913","fashion","米兰达丝带"
"2327","01002919","fashion","勇敢的小羊帽子"
"2328","01002920","fashion","粉红淑女帽"
"2329","01002928","fashion","我最IN－帽子"
"2330","01002929","fashion","炫彩百搭帽"
"2331","01002942","fashion","绿蘑菇头"
"2332","01002943","fashion","水兵帽"
"2333","01002944","fashion","小蜜蜂帽子"
"2334","01002945","fashion","心电感应帽"
"2335","01002953","fashion","假日宽边帽"
"2336","01002961","fashion","白外星人头绳"
"2337","01002962","fashion","粉牡丹花"
"2338","01002967","fashion","晴天娃娃耳麦"
"2339","01002968","fashion","糕饼帽子"
"2340","01002969","fashion","狗狗耳头箍"
"2341","01002975","fashion","双色空军帽"
"2342","01002976","fashion","女仆头饰"
"2343","01002978","fashion","叫我米老鼠"
"2344","01003001","fashion","阿尔冯斯钢铁头盔"
"2345","01003005","fashion","枫叶赛车手头盔"
"2346","01003006","fashion","猫猫野营帽"
"2347","01003008","fashion","法老头饰"
"2348","01003009","fashion","七彩糖果发带"
"2349","01003010","fashion","飞舞的蝴蝶"
"2350","01003014","fashion","女女机车帽"
"2351","01003015","fashion","男男机车帽"
"2352","01003043","fashion","叮当鹿角"
"2353","01003044","fashion","小丑帽子"
"2354","01003047","fashion","小熊熊帽子"
"2355","01003048","fashion","圣诞装饰帽"
"2356","01003049","fashion","熊熊帽"
"2357","01003050","fashion","邦妮发箍"
"2358","01003071","fashion","淘气女孩粉色发箍"
"2359","01003072","fashion","黑蕾丝蝴蝶发箍"
"2360","01003077","fashion","花别针尼龙帽"
"2361","01003078","fashion","灵异蝴蝶"
"2362","01003079","fashion","小嫩叶帽"
"2363","01003080","fashion","灰蒙蒙猫"
"2364","01003082","fashion","狼狼头"
"2365","01003083","fashion","小嫩苗"
"2366","01003084","fashion","帝国皇冠"
"2367","01003120","fashion","奥兹魔法帽"
"2368","01003122","fashion","黄色兔兔巾"
"2369","01003123","fashion","黑色兔兔巾"
"2370","01003131","fashion","黑色精致丝带"
"2371","01003132","fashion","红色精致丝带"
"2372","01003133","fashion","雪姬蝴蝶结"
"2373","01003146","fashion","蕾丝蝴蝶结发箍"
"2374","01003147","fashion","天蓝女仆头饰"
"2375","01003148","fashion","飞行猫猫帽子"
"2376","01003149","fashion","洛比尔兔子斗篷"
"2377","01003196","fashion","圣诞鹿圣诞帽"
"2378","01003202","fashion","黄金甲壳虫"
"2379","01003203","fashion","小红帽"
"2380","01003204","fashion","勇敢兔子帽"
"2381","01003207","fashion","胡萝卜兔爆炸头"
"2382","01003208","fashion","魔法宝宝帽"
"2383","01003210","fashion","耳罩呢绒帽"
"2384","01003211","fashion","冬季活动月妙帽子"
"2385","01003214","fashion","蓝色雪花帽"
"2386","01003215","fashion","粉色雪花帽"
"2387","01003223","fashion","寻找妈咪的小鸡"
"2388","01003226","fashion","新手小鸡帽子"
"2389","01003232","fashion","熊熊发夹"
"2390","01003233","fashion","最爱兔子发夹"
"2391","01003234","fashion","粉色卓别林帽子"
"2392","01003235","fashion","珠宝蓝卓别林帽子"
"2393","01003237","fashion","狮子宝宝帽"
"2394","01003238","fashion","夜叉的耳朵"
"2395","01003239","fashion","木莓糖果套头帽"
"2396","01003240","fashion","蓝莓糖果套头帽"
"2397","01003241","fashion","摇滚歌手帽"
"2398","01003247","fashion","杂技团老板帽"
"2399","01003249","fashion","音符黄晶"
"2400","01003250","fashion","音符红宝石"
"2401","01003251","fashion","音符黄水晶"
"2402","01003252","fashion","音符紫水晶"
"2403","01003253","fashion","音符柠檬色"
"2404","01003254","fashion","音符希埃尔"
"2405","01003255","fashion","音符紫色"
"2406","01003256","fashion","音符绿色"
"2407","01003264","fashion","玫瑰太阳镜"
"2408","01003265","fashion","水手太阳镜"
"2409","01003268","fashion","粉嫩爱心帽"
"2410","01003269","fashion","天蓝爱心帽"
"2411","01003271","fashion","红心透明帽子"
"2412","01003272","fashion","格莱特帽"
"2413","01003277","fashion","草叶妖精帽"
"2414","01003278","fashion","美人鱼贝壳"
"2415","01003352","fashion","闹钟啾啾红色遮阳帽"
"2416","01003353","fashion","驯鹿橙色遮阳帽"
"2417","01003354","fashion","新鲜柠檬遮阳帽"
"2418","01003355","fashion","酸橙绿色遮阳帽"
"2419","01003356","fashion","水晶蓝色遮阳帽"
"2420","01003357","fashion","骑士深蓝色遮阳帽"
"2421","01003358","fashion","甜心紫色遮阳帽"
"2422","01003362","fashion","玫瑰粉双蝴蝶结"
"2423","01003367","fashion","彩色花环"
"2424","01003392","fashion","小蜜蜂帽子"
"2425","01003404","fashion","小恶魔帽子"
"2426","01003405","fashion","粉娃娃帽"
"2427","01003459","fashion","露西娅帽子"
"2428","01003460","fashion","奶油巧克力帽子"
"2429","01003461","fashion","玫瑰秀秀"
"2430","01003462","fashion","Kitty猫猫帽"
"2431","01003463","fashion","精灵妈妈帽"
"2432","01003482","fashion","逗逗龙帽-绿色"
"2433","01003483","fashion","逗逗龙帽-粉色"
"2434","01003484","fashion","逗逗龙帽-白色"
"2435","01003485","fashion","龙龙贪吃帽-绿色"
"2436","01003486","fashion","龙龙贪吃帽-金色"
"2437","01003487","fashion","龙龙贪吃帽-白色"
"2438","01003492","fashion","蓬松蛋卷寿司"
"2439","01003493","fashion","新鲜三文鱼寿司"
"2440","01003494","fashion","Q弹章鱼寿司"
"2441","01003495","fashion","鲑鱼子寿司"
"2442","01003496","fashion","呀吼鲜虾寿司"
"2443","01003503","fashion","爱丽丝的茶杯"
"2444","01003504","fashion","海龙角"
"2445","01003505","fashion","炎龙角"
"2446","01003506","fashion","银河战队头盔"
"2447","01003509","fashion","时尚香肠帽"
"2448","01003510","fashion","爱丽丝兔子头饰"
"2449","01003516","fashion","小蜜蜂帽子"
"2450","01003519","fashion","霞光草帽"
"2451","01003520","fashion","可爱丝线发带"
"2452","01003531","fashion","西式风情帽"
"2453","01003539","fashion","蓝色天使帽"
"2454","01003541","fashion","逆转兔帽子"
"2455","01003542","fashion","草莓杏仁饼发卡"
"2456","01003543","fashion","杏仁饼发卡"
"2457","01003544","fashion","草莓纸杯蛋糕发卡"
"2458","01003545","fashion","哈密瓜纸杯蛋糕发卡"
"2459","01003546","fashion","巧克力纸杯蛋糕发卡"
"2460","01003547","fashion","冰激淋纸杯蛋糕发卡"
"2461","01003548","fashion","魔术师黑色礼帽"
"2462","01003549","fashion","魔术师黑色缎带"
"2463","01003568","fashion","神鸣之发带"
"2464","01003570","fashion","月白之发带"
"2465","01003571","fashion","露草之发带"
"2466","01003572","fashion","臙朱之发带"
"2467","01003596","fashion","金属粉色棒球帽"
"2468","01003597","fashion","金属冠棒球帽"
"2469","01003636","fashion","海螺"
"2470","01003639","fashion","荧光发箍-粉色"
"2471","01003640","fashion","荧光发箍-蓝色"
"2472","01003641","fashion","荧光发箍-绿色"
"2473","01003642","fashion","荧光发箍-金色"
"2474","01003643","fashion","阴阳师的发饰"
"2475","01003649","fashion","领主战盔(国庆)"
"2476","01003650","fashion","血狩战盔(国庆)"
"2477","01003651","fashion","影刃头带(国庆)"
"2478","01003652","fashion","神圣魔法帽(国庆)"
"2479","01003653","fashion","荆棘头冠(国庆)"
"2480","01003686","fashion","纸信封"
"2481","01003687","fashion","超级小熊耳塞"
"2482","01003688","fashion","超级做梦猫猫"
"2483","01003709","fashion","豺狼帽"
"2484","01003710","fashion","怪医黑杰克帽"
"2485","01003727","fashion","红色精灵帽"
"2486","01003728","fashion","蓝色精灵帽"
"2487","01003729","fashion","超级兔子耳塞"
"2488","01003730","fashion","猫咪洛丽塔帽子"
"2489","01003750","fashion","绸带猫耳"
"2490","01003756","fashion","白熊帽"
"2491","01003759","fashion","蓝缎带猫咪帽"
"2492","01003760","fashion","猫咪耳机"
"2493","01003761","fashion","圣洁天使帽"
"2494","01003802","fashion","小恐龙绿豆帽子"
"2495","01003803","fashion","小恐龙云豆帽子"
"2496","01003829","fashion","兔耳管家礼帽"
"2497","01003830","fashion","苍恋玫瑰洋帽"
"2498","01003831","fashion","卷卷绵羊发卡"
"2499","01003836","fashion","彩色海螺包假发"
"2500","01003837","fashion","彩色海带飘乱假发"
"2501","01003838","fashion","彩色奥林匹亚假发"
"2502","01003839","fashion","彩色核爆炸假发"
"2503","01003844","fashion","纳奥帽子"
"2504","01003845","fashion","罗娜帽子"
"2505","01003846","fashion","丹珍帽子"
"2506","01003873","fashion","偷水贼帽子"
"2507","01003874","fashion","蓝色蘑菇帽"
"2508","01003875","fashion","幼红独角狮帽子"
"2509","01003876","fashion","猴子帽"
"2510","01003877","fashion","白雪人帽子"
"2511","01003878","fashion","佩佩帽子"
"2512","01003881","fashion","纸船帽子"
"2513","01003882","fashion","变化无常小熊帽"
"2514","01003901","fashion","勇敢兔子帽"
"2515","01003902","fashion","熊熊发夹"
"2516","01003909","fashion","活力苏打帽"
"2517","01003910","fashion","小龙角帽子"
"2518","01003919","fashion","花花绒线帽"
"2519","01003920","fashion","夏威夷草帽"
"2520","01003921","fashion","咕噜噜鸭舌帽"
"2521","01003944","fashion","冰蓝发卡"
"2522","01003945","fashion","超级巨星王冠"
"2523","01003950","fashion","熊宝宝帽子"
"2524","01003951","fashion","欧黛特头箍"
"2525","01003952","fashion","欧迪尔头箍"
"2526","01003953","fashion","神之子头冠"
"2527","01003955","fashion","浪漫玫瑰"
"2528","01003957","fashion","薄荷糯米冰"
"2529","01003958","fashion","香草糯米冰"
"2530","01003962","fashion","格子渔夫帽"
"2531","01003964","fashion","星星格子帽"
"2532","01003965","fashion","小鸡玩偶帽"
"2533","01003967","fashion","巧可羊帽子"
"2534","01003968","fashion","小绵羊朵朵玩偶帽"
"2535","01004014","fashion","找准感觉,好好解开～！妖精"
"2536","01004025","fashion","绿猫猫帽子"
"2537","01004026","fashion","黑猫无边帽"
"2538","01004027","fashion","白猫无边帽"
"2539","01004028","fashion","黄猫无边帽"
"2540","01004029","fashion","北极熊无边帽"
"2541","01004033","fashion","红猫猫帽子"
"2542","01004034","fashion","半途而废"
"2543","01004035","fashion","青蛇棒球帽"
"2544","01004036","fashion","K君猫咪帽"
"2545","01004038","fashion","小小企鹅帽"
"2546","01004787","fashion","鸡萌帽子"
"2547","01004788","fashion","叶子泡泡帽"
"2548","01004789","fashion","泡泡鸭"
"2549","01004790","fashion","侦探团帽子"
"2550","01004799","fashion","胡萝卜发卡"
"2551","01004800","fashion","西瓜耳机帽"
"2552","01004801","fashion","香蕉耳机帽"
"2553","01004802","fashion","草莓耳机帽"
"2554","01004803","fashion","爆破手帽子"
"2555","01004804","fashion","爆破手的帽子"
"2556","01004805","fashion","蓝色俏皮小皇冠"
"2557","01004807","fashion","幻想海岸"
"2558","01004822","fashion","美美烟花帽"
"2559","01004826","fashion","喵草帽"
"2560","01004827","fashion","镰鼬帽子"
"2561","01004844","fashion","比熊头套"
"2562","01061134","fashion","牛仔小迷你"
"2563","01061135","fashion","粉红裙裤"
"2564","01061136","fashion","优雅短裙"
"2565","01061137","fashion","蓝色俏丽短裙"
"2566","01061138","fashion","爱心俏皮短裙"
"2567","01061139","fashion","军用魔龙短裤"
"2568","01061140","fashion","棉袜套牛仔短裙"
"2569","01061141","fashion","熔岩皮裙"
"2570","01061142","fashion","冰凌皮裙"
"2571","01061144","fashion","苹果牛仔裤"
"2572","01061145","fashion","复古校服(裤子)"
"2573","01061148","fashion","巨星粉色短裙"
"2574","01061170","fashion","白色蛋糕裙裤"
"2575","01061203","fashion","百褶南瓜短裙"
"2576","01061204","fashion","高尔夫短裙"
"2577","01061205","fashion","明星百褶裙"
"2578","01061209","fashion","真红皮裙"
"2579","01061210","fashion","英伦风裙裤"
"2580","01061211","fashion","绿色蓬纱短裙"
"2581","01061212","fashion","白色夏日短裙"
"2582","01061213","fashion","冰蓝绒球绵裙"
"2583","01062007","fashion","维泽特西裤"
"2584","01062008","fashion","粉红马裤"
"2585","01062009","fashion","绿色马裤"
"2586","01062010","fashion","淡蓝马裤"
"2587","01062011","fashion","蓝色棒球裤"
"2588","01062012","fashion","白色棒球裤"
"2589","01062013","fashion","灰色棒球裤"
"2590","01062014","fashion","黑蓝色棒球裤"
"2591","01062016","fashion","黄色滑板裤"
"2592","01062017","fashion","绿色滑板裤"
"2593","01062018","fashion","紧身牛仔裤"
"2594","01062019","fashion","粉红滑雪裤"
"2595","01062020","fashion","淡蓝滑雪裤"
"2596","01062021","fashion","蓝色短裤"
"2597","01062022","fashion","褐色军裤"
"2598","01062023","fashion","泼赛钦没官瘤"
"2599","01062024","fashion","野战军裤"
"2600","01062027","fashion","囚裤"
"2601","01062028","fashion","郊游牛仔短裤"
"2602","01062029","fashion","蓝色篮球短裤"
"2603","01062030","fashion","橙色篮球短裤"
"2604","01062035","fashion","黑骷髅皮裤"
"2605","01062038","fashion","褐线街舞裤"
"2606","01062039","fashion","白色牛仔裤"
"2607","01062040","fashion","浅蓝嘻哈裤"
"2608","01062041","fashion","深蓝嘻哈裤"
"2609","01062042","fashion","挂链牛仔裤"
"2610","01062043","fashion","黑漆皮裤"
"2611","01062044","fashion","红漆皮裤"
"2612","01062045","fashion","补膝劳动裤"
"2613","01062046","fashion","复古牛仔"
"2614","01062047","fashion","白底格纹裤"
"2615","01062048","fashion","褐色格纹裤"
"2616","01062051","fashion","星星丹宁裤"
"2617","01062052","fashion","白色水洗牛仔裤"
"2618","01062053","fashion","粉边白短裤"
"2619","01062055","fashion","蓝条沙滩裤"
"2620","01062056","fashion","军用魔龙裤"
"2621","01062057","fashion","格子花纹裤"
"2622","01062058","fashion","燃烧的牛仔裤"
"2623","01062059","fashion","黑色仿旧牛仔裤"
"2624","01062060","fashion","蓝色怀旧牛仔裤"
"2625","01062061","fashion","橄榄色怀旧牛仔裤"
"2626","01062062","fashion","玫瑰色怀旧牛仔裤"
"2627","01062063","fashion","直筒蓝色牛仔裤"
"2628","01062064","fashion","青苹果裤"
"2629","01062065","fashion","天蓝线裤"
"2630","01062066","fashion","白色破破牛仔裤"
"2631","01062067","fashion","夏日七分牛仔裤"
"2632","01062068","fashion","彩虹裤"
"2633","01062069","fashion","低腰咖啡长裤"
"2634","01062070","fashion","小熊补丁牛仔裤"
"2635","01062071","fashion","洞洞牛仔裤"
"2636","01062072","fashion","BAND牛仔裤"
"2637","01062073","fashion","橄榄色南瓜裤"
"2638","01062074","fashion","褐色南瓜裤"
"2639","01062075","fashion","黑色个性牛仔裤"
"2640","01062076","fashion","水洗个性牛仔裤"
"2641","01062077","fashion","黄色茸茸球裤子"
"2642","01062080","fashion","粉嘟嘟罗莉服"
"2643","01062081","fashion","喜洋洋兔兔裤"
"2644","01062082","fashion","红樱桃低腰裤"
"2645","01062083","fashion","小兜兜七分裤"
"2646","01062084","fashion","细身牛仔裤"
"2647","01062085","fashion","修身小西裤"
"2648","01062089","fashion","紫色做旧休闲短裤"
"2649","01062091","fashion","黑灰格子短裤"
"2650","01062092","fashion","斜纹红西裤"
"2651","01062093","fashion","嫩绿休闲短裤"
"2652","01062094","fashion","休闲夏日短裤"
"2653","01062095","fashion","米兰牛仔裤"
"2654","01062096","fashion","卡其色休闲短裤"
"2655","01062097","fashion","牛仔工装长裤"
"2656","01062098","fashion","水叮当牛仔裤"
"2657","01062100","fashion","HIP-HOP个性牛仔裤"
"2658","01062101","fashion","卷边牛仔裤"
"2659","01062102","fashion","星星牛仔裤"
"2660","01062103","fashion","炫彩中裤"
"2661","01062104","fashion","红链褐色牛仔裤"
"2662","01062105","fashion","及膝蓝色马裤"
"2663","01062106","fashion","兔纹箩丽裤"
"2664","01062107","fashion","明星长裤"
"2665","01062108","fashion","仿旧牛仔裤"
"2666","01062109","fashion","嫩黄修身裤"
"2667","01062110","fashion","baby粉色灯笼裤"
"2668","01062111","fashion","蓝色蝴蝶结短裤"
"2669","01062112","fashion","内裤"
"2670","01062113","fashion","彩铅短裤"
"2671","01062114","fashion","心心相映裤"
"2672","01062115","fashion","朴素的武士裤"
"2673","01062116","fashion","星星沙滩裤"
"2674","01062118","fashion","暴雪牛仔裤"
"2675","01062119","fashion","糖果纹裤子"
"2676","01062121","fashion","迷彩裤"
"2677","01062122","fashion","格子卷边裤"
"2678","01062123","fashion","高空行进裤"
"2679","01062124","fashion","娃娃裤"
"2680","01062126","fashion","紫条纹短裤"
"2681","01062129","fashion","点点红休闲裤"
"2682","01062130","fashion","点点蓝休闲裤"
"2683","01062131","fashion","白色卷边牛仔裤"
"2684","01062133","fashion","星纹运动裤"
"2685","01062134","fashion","POP短裤"
"2686","01062135","fashion","精英裤子"
"2687","01062136","fashion","分层斜纹短裤"
"2688","01062137","fashion","牛奶果子露短裤"
"2689","01062138","fashion","薄荷色做旧牛仔裤"
"2690","01062139","fashion","天真系短裤"
"2691","01062140","fashion","[派对]白色西裤"
"2692","01062141","fashion","[派对]蓝色怀旧牛仔裤"
"2693","01062142","fashion","[派对]橄榄色怀旧牛仔裤"
"2694","01062143","fashion","[派对]红超短裙"
"2695","01062144","fashion","[派对]棉袜套牛仔短裙"
"2696","01062145","fashion","古怪木琴紧身裤"
"2697","01062146","fashion","打猎裤"
"2698","01062147","fashion","蓝色小裤衩"
"2699","01062148","fashion","运动会优胜组短裤"
"2700","01062149","fashion","白银三叶草裤子"
"2701","01062150","fashion","黄金三叶草裤子"
"2702","01062151","fashion","爱丽丝兔裤"
"2703","01062152","fashion","荧光粉长裤"
"2704","01062153","fashion","假日斜纹短裤"
"2705","01062154","fashion","分层斜纹短裤"
"2706","01062155","fashion","海蓝色水洗牛仔短裤"
"2707","01062156","fashion","紫色马赛克短裤"
"2708","01062157","fashion","草莓巧克力短裤"
"2709","01062159","fashion","超级草莓巧克力短裤"
"2710","01062160","fashion","超级古怪木琴紧身裤"
"2711","01062161","fashion","[MS特制]红方格子裤"
"2712","01062162","fashion","超级海蓝长筒袜"
"2713","01062163","fashion","蛇年嘻哈裤"
"2714","01062171","fashion","大明星短裤"
"2715","01062172","fashion","芭比格子塑身裤"
"2716","01062173","fashion","明星短裤"
"2717","01062174","fashion","蓬蓬星塑身裤"
"2718","01062175","fashion","心跳紧身裤"
"2719","01062176","fashion","炫彩渐变裤"
"2720","01062179","fashion","小兔兔短裤"
"2721","01062182","fashion","蔚蓝色短裤"
"2722","01062183","fashion","玫红背带裤"
"2723","01062184","fashion","怪猫街舞裤"
"2724","01062185","fashion","紫色点点裤"
"2725","01062186","fashion","真红短裤"
"2726","01062187","fashion","蓝摇滚喇叭裤"
"2727","01062188","fashion","蓝色卷筒裤"
"2728","01062189","fashion","林之灵短裤"
"2729","01062203","fashion","兔兔熊短裤"
"2730","01062204","fashion","彩糖短裤"
"2731","01062207","fashion","俏皮短裤"
"2732","01062208","fashion","小兔裤"
"2733","01062209","fashion","小兔短裤"
"2734","01062210","fashion","兰兰休闲短裤"
"2735","01062211","fashion","奶牛短裤"
"2736","01062212","fashion","红心纹热裤"
"2737","01062213","fashion","针织绒绒裤"
"2738","01062214","fashion","泰迪短裤"
"2739","01062216","fashion","不对称短裤"
"2740","01062217","fashion","点点康康舞裙"
"2741","01062218","fashion","粉绿喵咪小裤衩"
"2742","01062219","fashion","粉蓝喵咪小裤衩"
"2743","01062220","fashion","白色翻边小短裤"
"2744","01062221","fashion","粉红小熊七分裤"
"2745","01062222","fashion","嫩黄小熊七分裤"
"2746","01062223","fashion","蓝色粉喵喵短裙"
"2747","01062224","fashion","灰色粉喵喵短裙"
"2748","01062225","fashion","爱心针织裤"
"2749","01062226","fashion","虎脚印短裤"
"2750","01062227","fashion","彩虹打底裤"
"2751","01062229","fashion","小淘气沙滩裤"
"2752","01062230","fashion","白色彩虹紧身裤"
"2753","01062231","fashion","蓝色破洞牛仔裤"
"2754","01062232","fashion","赫雅短裤"
"2755","01062233","fashion","黑暗蓝灰牛仔裤"
"2756","01062235","fashion","中式祥云短裤"
"2757","01062236","fashion","中式祥云短裙"
"2758","01070002","fashion","日式木屐"
"2759","01070005","fashion","圣诞鞋"
"2760","01070006","fashion","宫廷靴"
"2761","01070007","fashion","金童鞋"
"2762","01070008","fashion","韩国武官鞋"
"2763","01070009","fashion","白礼鞋"
"2764","01070011","fashion","蓝色袜套鞋"
"2765","01070016","fashion","巨星摩登靴"
"2766","01070018","fashion","侍女鞋子"
"2767","01070019","fashion","拿破仑靴子"
"2768","01070020","fashion","闪烁之星男生鞋"
"2769","01070025","fashion","侍女鞋子"
"2770","01070026","fashion","国庆重靴-男款"
"2771","01070027","fashion","国庆轻履-男款"
"2772","01070028","fashion","长青使道花鞋"
"2773","01070031","fashion","阿尔卑斯少年鞋"
"2774","01070057","fashion","岩炎拖鞋"
"2775","01070059","fashion","秋游小黄鞋"
"2776","01070060","fashion","克里斯多夫鞋子"
"2777","01070061","fashion","派对王子的玻璃鞋"
"2778","01070063","fashion","蓝色巴尼兔小皮鞋"
"2779","01070064","fashion","疯狂医生鞋"
"2780","01070065","fashion","蓝色马卡龙鞋"
"2781","01070067","fashion","仙履鞋"
"2782","01070068","fashion","王的皮鞋"
"2783","01070069","fashion","飞翔天空"
"2784","01070070","fashion","莲花学院指定鞋子蓝"
"2785","01070071","fashion","时间先生的鞋子"
"2786","01070072","fashion","农场主鞋"
"2787","01070073","fashion","玫瑰誓约皮靴"
"2788","01070074","fashion","玩具城士兵皮靴"
"2789","01071000","fashion","蓝袜子鞋"
"2790","01071001","fashion","红袜子鞋"
"2791","01071004","fashion","盒全祸埃龋荤脚惯"
"2792","01071005","fashion","闰祸埃龋荤脚惯"
"2793","01071006","fashion","SF囱磊脚惯"
"2794","01071020","fashion","公主高跟鞋"
"2795","01071021","fashion","鬼娃娃鞋"
"2796","01071026","fashion","巨星潮流靴"
"2797","01071028","fashion","高脚登山靴"
"2798","01071029","fashion","红幻想狂曲"
"2799","01071030","fashion","闪烁之星女生鞋"
"2800","01071031","fashion","粉红天使鞋"
"2801","01071032","fashion","红帽丝带鞋"
"2802","01071037","fashion","希纳斯凉鞋"
"2803","01071043","fashion","国庆轻履-女款"
"2804","01071044","fashion","粉红淑女花鞋"
"2805","01071046","fashion","恶魔古典长靴"
"2806","01071048","fashion","阿尔卑斯少女鞋"
"2807","01071076","fashion","秋游小黄鞋"
"2808","01071077","fashion","艾尔莎鞋"
"2809","01071078","fashion","派对公主的水晶鞋"
"2810","01071079","fashion","粉色巴尼兔小皮鞋"
"2811","01071080","fashion","蝴蝶结天使鞋"
"2812","01071081","fashion","粉色马卡龙鞋"
"2813","01071082","fashion","红长统靴"
"2814","01071083","fashion","仙履鞋"
"2815","01071084","fashion","女皇的蓝色高跟鞋"
"2816","01071085","fashion","飞翔云彩"
"2817","01071086","fashion","强化布鞋"
"2818","01071087","fashion","莲花学院指定鞋子粉"
"2819","01071089","fashion","农场主鞋"
"2820","01071090","fashion","玫瑰誓约高跟鞋"
"2821","01072092","fashion","黄色鸭蹼"
"2822","01072093","fashion","蓝色鸭蹼"
"2823","01072094","fashion","黄色中靴"
"2824","01072095","fashion","蓝色中靴"
"2825","01072096","fashion","红色中靴"
"2826","01072097","fashion","绿色中靴"
"2827","01072098","fashion","蓝色棒球鞋"
"2828","01072099","fashion","红色棒球鞋"
"2829","01072100","fashion","黑色棒球鞋"
"2830","01072230","fashion","黑拳击鞋"
"2831","01072231","fashion","蓝拳击鞋"
"2832","01072232","fashion","红拳击鞋"
"2833","01072233","fashion","虎爪"
"2834","01072234","fashion","蓝水灵拖拖"
"2835","01072235","fashion","绿水灵拖拖"
"2836","01072236","fashion","关公鞋子"
"2837","01072237","fashion","诸葛亮鞋子"
"2838","01072241","fashion","蜀皇之鞋"
"2839","01072242","fashion","魏皇之鞋"
"2840","01072243","fashion","吴皇之鞋"
"2841","01072244","fashion","红漆木鞋"
"2842","01072245","fashion","蓝漆木鞋"
"2843","01072246","fashion","粉红大头鞋"
"2844","01072247","fashion","黄劳动皮鞋"
"2845","01072250","fashion","星座鞋"
"2846","01072251","fashion","慢跑鞋"
"2847","01072252","fashion","雪板鞋"
"2848","01072256","fashion","熊仔鞋"
"2849","01072257","fashion","狗狗拖"
"2850","01072258","fashion","白猫拖"
"2851","01072259","fashion","小鸡拖"
"2852","01072260","fashion","企鹅拖"
"2853","01072274","fashion","月兔鞋"
"2854","01072279","fashion","蓝星跑鞋"
"2855","01072280","fashion","黄金靴"
"2856","01072281","fashion","夏其尔的鞋"
"2857","01072282","fashion","比耶莫特的鞋"
"2858","01072283","fashion","亚努斯的鞋"
"2859","01072284","fashion","八戒僧鞋"
"2860","01072323","fashion","星星凉拖"
"2861","01072324","fashion","猪猪拖"
"2862","01072325","fashion","红水灵拖鞋"
"2863","01072326","fashion","黄水灵拖鞋"
"2864","01072329","fashion","可爱学生鞋"
"2865","01072330","fashion","黑色帆布鞋"
"2866","01072331","fashion","比克罗休闲鞋"
"2867","01072332","fashion","黑色乖乖女鞋"
"2868","01072333","fashion","绿色帆布鞋"
"2869","01072334","fashion","红色帆布鞋"
"2870","01072335","fashion","时尚雪地靴（灰）"
"2871","01072336","fashion","足球钉鞋"
"2872","01072341","fashion","橘黄色方纹帆布鞋"
"2873","01072348","fashion","粉嘟嘟大象拖"
"2874","01072384","fashion","BigBig鞋"
"2875","01072385","fashion","纯白拖鞋"
"2876","01072386","fashion","黑色木拖"
"2877","01072387","fashion","红色木拖"
"2878","01072388","fashion","女仆礼鞋"
"2879","01072394","fashion","糖果雨鞋"
"2880","01072395","fashion","双色帆布鞋"
"2881","01072407","fashion","kitty拖"
"2882","01072417","fashion","小丑鞋子"
"2883","01072426","fashion","炫彩脚环"
"2884","01072437","fashion","PB拖拖"
"2885","01072439","fashion","采草莓礼鞋"
"2886","01072440","fashion","灰蒙蒙猫肉垫"
"2887","01072441","fashion","暗影双刀鞋子"
"2888","01072448","fashion","皇家彩虹靴"
"2889","01072454","fashion","奥兹的魔法靴子"
"2890","01072457","fashion","运动版休闲拖"
"2891","01072467","fashion","飞行猫猫靴子"
"2892","01072468","fashion","蝴蝶结娃娃鞋"
"2893","01072469","fashion","粉色条纹鞋"
"2894","01072470","fashion","天蓝条纹鞋"
"2895","01072482","fashion","熊猫拖"
"2896","01072484","fashion","黑猫拖鞋"
"2897","01072515","fashion","狮子宝宝拖"
"2898","01072516","fashion","新手小鸡拖鞋"
"2899","01072517","fashion","天使羽翼"
"2900","01072529","fashion","粉红大象拖鞋"
"2901","01072531","fashion","考拉拖鞋"
"2902","01072897","fashion","蓝色鹿皮鞋"
"2903","01072900","fashion","雪之女神短靴"
"2904","01072901","fashion","五彩珠鞋"
"2905","01072910","fashion","可可熊鞋子"
"2906","01072911","fashion","肃清者暗靴"
"2907","01072913","fashion","制服皮鞋"
"2908","01072914","fashion","豹皮鞋"
"2909","01072916","fashion","林之灵鞋子"
"2910","01072917","fashion","小马马乖乖鞋"
"2911","01072918","fashion","粉红蝴蝶鞋"
"2912","01072919","fashion","蓝色蝴蝶鞋"
"2913","01072920","fashion","僵尸新娘高跟鞋"
"2914","01072921","fashion","幻夜蝶华的褶皱皮鞋"
"2915","01072922","fashion","大厨鞋"
"2916","01072923","fashion","波点娃娃鞋"
"2917","01072930","fashion","柴郡猫短靴"
"2918","01072931","fashion","爱丽丝鞋子"
"2919","01072934","fashion","彩虹运动鞋"
"2920","01072941","fashion","机械兔靴"
"2921","01072942","fashion","海鸥拖拖鞋"
"2922","01072943","fashion","哼唱旋律的舞鞋"
"2923","01072944","fashion","暗夜精灵战靴"
"2924","01072945","fashion","隐武士战靴"
"2925","01072949","fashion","红色小马运动鞋"
"2926","01072950","fashion","蓝色小马运动鞋"
"2927","01072978","fashion","闪耀唐鞋"
"2928","01072998","fashion","兔熊拖鞋"
"2929","01072999","fashion","蝴蝶结红皮鞋"
"2930","01073009","fashion","农场小皮靴"
"2931","01073011","fashion","拉拉队长鞋"
"2932","01073012","fashion","羊绒雪地靴"
"2933","01073013","fashion","嫩黄小熊鞋"
"2934","01073014","fashion","粉红小熊鞋"
"2935","01073019","fashion","小恐龙鞋"
"2936","01073022","fashion","蓝色喵喵球鞋"
"2937","01073023","fashion","灰色喵喵球鞋"
"2938","01073024","fashion","红色圣诞小皮鞋"
"2939","01073037","fashion","小兔兔短靴"
"2940","01073040","fashion","啵啵鼠鞋"
"2941","01073046","fashion","喜羊羊拖"
"2942","01073047","fashion","美羊羊拖"
"2943","01073056","fashion","小花仙拖鞋"
"2944","01073057","fashion","冒险岛寻宝鞋子"
"2945","01073058","fashion","小淘气鞋子"
"2946","01073059","fashion","黑猫鞋子"
"2947","01073061","fashion","粉红花纹鞋子"
"2948","01073062","fashion","小白兔高跟鞋"
"2949","01073074","fashion","海贼团皮靴"
"2950","01073075","fashion","薄荷喵拖鞋"
"2951","01073076","fashion","强化布鞋"
"2952","01073077","fashion","黑门长靴"
"2953","01073078","fashion","枫叶翅膀鞋子"
"2954","01073079","fashion","果冻鞋"
"2955","01073080","fashion","海贼团皮靴"
"2956","01073082","fashion","欧黛特芭蕾舞鞋"
"2957","01073088","fashion","蓝鸟拖拖"
"2958","01073090","fashion","白色乌鲁斯拖鞋"
"2959","01073091","fashion","棕色乌鲁斯拖鞋"
"2960","01073092","fashion","黑色乌鲁斯拖鞋"
"2961","01073097","fashion","神灯爱鞋"
"2962","01073098","fashion","北极雪橇靴"
"2963","01073105","fashion","我的球鞋"
"2964","01073106","fashion","保罗熊鞋子"
"2965","01073127","fashion","绒毛拖鞋"
"2966","01073129","fashion","暖绒绒鞋子"
"2967","01073144","fashion","鲨鱼鞋"
"2968","01073145","fashion","喵咪的萌脚印"
"2969","01073150","fashion","蛋黄拖"
"2970","01073153","fashion","爆破手鞋子"
"2971","01073154","fashion","爆破手鞋子"
"2972","01073155","fashion","黑衣人鞋子"
"2973","01073156","fashion","幻想海岸鞋"
"2974","01073157","fashion","中式祥云布鞋"
"2975","01073167","fashion","灵魂歌手鞋子"
"2976","01073168","fashion","锁链公主鞋"
"2977","01073169","fashion","比熊鞋"
"2978","01100001","fashion","拿破仑披风"
"2979","01100004","fashion","疯狂医生听诊器"
"2980","01101000","fashion","蝴蝶结天使注射器"
"2981","01102005","fashion","小天使翅膀"
"2982","01102006","fashion","小恶魔翅膀"
"2983","01102007","fashion","黄星星披风"
"2984","01102008","fashion","蓝星星披风"
"2985","01102009","fashion","红星星披风"
"2986","01102010","fashion","黑星星披风"
"2987","01102019","fashion","太极披风"
"2988","01102020","fashion","乌龟背壳"
"2989","01102025","fashion","红碎布披风"
"2990","01102036","fashion","红书包"
"2991","01102037","fashion","黑书包"
"2992","01102038","fashion","蓝书包"
"2993","01102039","fashion","透明披风"
"2994","01102044","fashion","红色机器翅膀"
"2995","01102045","fashion","蓝色机器翅膀"
"2996","01102049","fashion","蓝妖精翅膀"
"2997","01102050","fashion","绿妖精翅膀"
"2998","01102051","fashion","黄妖精翅膀"
"2999","01102052","fashion","红妖精翅膀"
"3000","01102058","fashion","恶魔之翼"
"3001","01102059","fashion","圣天使之翼"
"3002","01102060","fashion","蝴蝶夫人结"
"3003","01102061","fashion","氧气桶"
"3004","01102062","fashion","红五星披风"
"3005","01102063","fashion","堕天使之翼"
"3006","01102065","fashion","圣诞披风"
"3007","01102066","fashion","邪魔披风"
"3008","01102067","fashion","老虎尾巴"
"3009","01102068","fashion","魔鬼翅膀"
"3010","01102069","fashion","粉翼"
"3011","01102070","fashion","蓝色报童包"
"3012","01102071","fashion","枫叶披风"
"3013","01102072","fashion","草绿郊游包"
"3014","01102073","fashion","粉红郊游包"
"3015","01102074","fashion","闪闪发光的蝴蝶翼"
"3016","01102075","fashion","蝙蝠翅膀"
"3017","01102076","fashion","报纸披风"
"3018","01102077","fashion","鸭绒被"
"3019","01102089","fashion","黑书包"
"3020","01102091","fashion","彩虹风筝"
"3021","01102092","fashion","玩具熊"
"3022","01102093","fashion","心心气球"
"3023","01102094","fashion","猴子尾巴"
"3024","01102095","fashion","比耶莫特的翅膀"
"3025","01102096","fashion","夏其尔的翅膀"
"3026","01102097","fashion","亚努斯的翅膀"
"3027","01102098","fashion","升官发财"
"3028","01102107","fashion","火箭炮"
"3029","01102108","fashion","恶魔尾巴"
"3030","01102109","fashion","破棉花披肩"
"3031","01102110","fashion","松鼠尾巴"
"3032","01102111","fashion","大象气球"
"3033","01102112","fashion","垂耳兔"
"3034","01102135","fashion","蒙特鸠披风"
"3035","01102136","fashion","卡帕莱特披风"
"3036","01102137","fashion","花蘑菇气球"
"3037","01102138","fashion","天使背囊"
"3038","01102141","fashion","小企鹅气球"
"3039","01102142","fashion","火焰披风"
"3040","01102143","fashion","扁担水桶披肩"
"3041","01102144","fashion","老僧人披肩"
"3042","01102148","fashion","熔岩披风"
"3043","01102149","fashion","冰凌披风"
"3044","01102150","fashion","吸血鬼披风"
"3045","01102151","fashion","迷路的小猫咪"
"3046","01102152","fashion","黑骷髅海盗旗"
"3047","01102153","fashion","红色荧光蝴蝶翼"
"3048","01102154","fashion","扎昆爪爪"
"3049","01102155","fashion","小狗狗松儿"
"3050","01102156","fashion","风度围脖"
"3051","01102157","fashion","傀儡枷锁"
"3052","01102158","fashion","孔雀羽毛"
"3053","01102159","fashion","HELLOMONKEY气球"
"3054","01102160","fashion","猴子披风"
"3055","01102163","fashion","贵族披风"
"3056","01102164","fashion","摇滚电吉他"
"3057","01102169","fashion","蓝色天使背囊"
"3058","01102175","fashion","可爱小绵羊披风"
"3059","01102184","fashion","圣诞天使之翼"
"3060","01102185","fashion","彩虹围脖"
"3061","01102186","fashion","乖猫猫双肩包"
"3062","01102187","fashion","狐狸尾巴"
"3063","01102188","fashion","银色狐狸尾巴"
"3064","01102196","fashion","雪片围脖"
"3065","01102197","fashion","报喜鸟披风"
"3066","01102199","fashion","玲珑彩灯"
"3067","01102202","fashion","异界披风"
"3068","01102203","fashion","超强力火箭炮"
"3069","01102204","fashion","粉玫瑰披风"
"3070","01102208","fashion","囧水灵"
"3071","01102210","fashion","蜜蜂尾巴"
"3072","01102211","fashion","战神的披风"
"3073","01102212","fashion","丢失的小孩"
"3074","01102213","fashion","品克缤的小尾巴"
"3075","01102214","fashion","品克缤气球"
"3076","01102215","fashion","气球串"
"3077","01102216","fashion","狗狗尾巴"
"3078","01102217","fashion","九尾披风"
"3079","01102218","fashion","仙女飘飘"
"3080","01102220","fashion","豆蓝披风"
"3081","01102222","fashion","死神披风"
"3082","01102223","fashion","炫彩星星披风"
"3083","01102224","fashion","小绵羊披风"
"3084","01102225","fashion","嫦娥披风"
"3085","01102226","fashion","海军旧将披风"
"3086","01102227","fashion","海军将校披风"
"3087","01102229","fashion","小熊熊披风"
"3088","01102230","fashion","企企雪橇披风"
"3089","01102231","fashion","天狼星披风"
"3090","01102232","fashion","小王子的星星"
"3091","01102233","fashion","雪娃娃披风"
"3092","01102239","fashion","暗影双刀披风"
"3093","01102241","fashion","都纳斯披风"
"3094","01102242","fashion","胡克的船长披风"
"3095","01102245","fashion","太阳披风"
"3096","01102249","fashion","奥兹魔法披风"
"3097","01102250","fashion","毛莫之翼"
"3098","01102251","fashion","世界杯手巾"
"3099","01102253","fashion","紫色之翼"
"3100","01102254","fashion","豹弩游侠披风"
"3101","01102255","fashion","唤灵斗师披风"
"3102","01102258","fashion","玩具熊气球"
"3103","01102261","fashion","音符围脖"
"3104","01102267","fashion","我的朋友九尾狐尾巴"
"3105","01102270","fashion","风和日丽"
"3106","01102271","fashion","可爱巧克力棒气球"
"3107","01102272","fashion","魔术师披风"
"3108","01102273","fashion","路西法之翼"
"3109","01102274","fashion","刺柏刀"
"3110","01102285","fashion","晴天娃娃(粉色)"
"3111","01102286","fashion","晴天娃娃(天蓝色)"
"3112","01102287","fashion","晴天娃娃(淡黄色)"
"3113","01102288","fashion","背背雪人"
"3114","01102289","fashion","月妙尾巴"
"3115","01102290","fashion","落英飞天丝带"
"3116","01102292","fashion","闪耀彩虹"
"3117","01102293","fashion","羁绊之翼"
"3118","01102297","fashion","浅黄爱心气球披风"
"3119","01102298","fashion","天蓝爱心气球披风"
"3120","01102300","fashion","派对舞会灯"
"3121","01102301","fashion","旅行者披风"
"3122","01102302","fashion","海军舰长披风"
"3123","01102304","fashion","[派对]恶魔尾巴"
"3124","01102305","fashion","[派对]MONKEY气球"
"3125","01102306","fashion","[派对]炫彩星星披风"
"3126","01102319","fashion","传说心跳气球"
"3127","01102325","fashion","紫天使羽翼"
"3128","01102326","fashion","蓝天使羽翼"
"3129","01102336","fashion","炼金师的披风"
"3130","01102338","fashion","小蜜蜂翅膀"
"3131","01102343","fashion","军团长的披风"
"3132","01102344","fashion","精灵王的披风"
"3133","01102347","fashion","古典天鹅绒披风"
"3134","01102348","fashion","圣诞节雪球"
"3135","01102349","fashion","发光精灵翅膀"
"3136","01102350","fashion","粉红微笑胖鬼怪"
"3137","01102353","fashion","自由的翅膀"
"3138","01102354","fashion","粉嫩披风"
"3139","01102355","fashion","怪盗幻影披风"
"3140","01102356","fashion","天使祖母绿"
"3141","01102358","fashion","圆圆水晶魔球"
"3142","01102359","fashion","胖胖雪人气球"
"3143","01102360","fashion","白银三叶草背包"
"3144","01102361","fashion","黄金三叶草背包"
"3145","01102373","fashion","露西娅披风"
"3146","01102374","fashion","飞行小猴披风"
"3147","01102376","fashion","粉色旋律翅膀"
"3148","01102377","fashion","普赛克时空"
"3149","01102378","fashion","普赛克旋律"
"3150","01102379","fashion","情人节爱心气球"
"3151","01102380","fashion","我的朋友青蛙酱"
"3152","01102381","fashion","皇家公爵翅膀"
"3153","01102385","fashion","路易斯四翼天使"
"3154","01102386","fashion","诺克斯四翼天使"
"3155","01102387","fashion","海龙尾巴"
"3156","01102388","fashion","炎龙尾巴"
"3157","01102389","fashion","金色天使"
"3158","01102390","fashion","银色天使"
"3159","01102391","fashion","小蜜蜂翅膀"
"3160","01102392","fashion","西式风情披风"
"3161","01102394","fashion","紫金枫叶披风"
"3162","01102419","fashion","露西娅披风"
"3163","01102420","fashion","星尘披肩"
"3164","01102421","fashion","圆滚滚的微笑柠檬"
"3165","01102487","fashion","夜光法师四翼天使"
"3166","01102488","fashion","蛋糕杯气球"
"3167","01102491","fashion","阳光明媚"
"3168","01102496","fashion","超级蜜蜂妖精翅膀"
"3169","01102497","fashion","僵尸猎人披肩"
"3170","01102615","fashion","时间塔发条娃娃"
"3171","01102616","fashion","拉比斯之精气"
"3172","01102617","fashion","拉兹丽之精气"
"3173","01102618","fashion","拿破仑披肩"
"3174","01102619","fashion","喜欢冰的小企鹅"
"3175","01102620","fashion","我的烟火秀"
"3176","01102621","fashion","啰嗦扩音器"
"3177","01102622","fashion","时间旅行者的怀表"
"3178","01102623","fashion","漩涡披风"
"3179","01102624","fashion","天王强化芒之翼"
"3180","01102625","fashion","蜗牛披风"
"3181","01102626","fashion","凯梅尔兹披风"
"3182","01102629","fashion","粉红四翼天使"
"3183","01102630","fashion","浪漫四翼天使"
"3184","01102631","fashion","万圣节幻影披风"
"3185","01102632","fashion","岩炎赎罪披风"
"3186","01102643","fashion","金色之翼"
"3187","01102644","fashion","粉色光芒之翼"
"3188","01102646","fashion","烈焰之翼"
"3189","01102648","fashion","K君的猫尾巴"
"3190","01102649","fashion","天津四披风"
"3191","01102650","fashion","隐月狐尾"
"3192","01102651","fashion","小熊猫尾巴"
"3193","01102652","fashion","松鼠尾巴"
"3194","01102653","fashion","兔尾巴"
"3195","01102654","fashion","狗狗尾巴"
"3196","01102655","fashion","熊熊尾巴"
"3197","01102656","fashion","动物尾巴6"
"3198","01102657","fashion","动物尾巴7"
"3199","01102658","fashion","动物尾巴8"
"3200","01102659","fashion","真·高贵之神"
"3201","01102660","fashion","尖尾巴披风"
"3202","01102661","fashion","棕色尾巴"
"3203","01102665","fashion","雪之女神围脖"
"3204","01102666","fashion","小熊气球"
"3205","01102667","fashion","寻找满月"
"3206","01102668","fashion","夜天使之翼"
"3207","01102669","fashion","壕"
"3208","01102670","fashion","浪漫烟火"
"3209","01102671","fashion","肃清者的荆翼"
"3210","01102672","fashion","唠叨话喇叭"
"3211","01102673","fashion","僵尸新娘披风"
"3212","01102674","fashion","小小寿司团"
"3213","01102675","fashion","糖果甜甜蝴蝶结"
"3214","01102676","fashion","摇摆猫咪酱"
"3215","01102681","fashion","单身部队战斗披风"
"3216","01102682","fashion","未来天使注射器"
"3217","01102683","fashion","兔兔熊背包"
"3218","01102684","fashion","未来医生听诊器"
"3219","01102685","fashion","熊宝宝披风"
"3220","01102688","fashion","双色砰砰炮"
"3221","01102689","fashion","无法承受之重披风"
"3222","01102690","fashion","柴郡猫的狐狸围脖"
"3223","01102694","fashion","迷你迷你绿水灵"
"3224","01102695","fashion","灵魂九尾狐披风"
"3225","01102697","fashion","红色蜻蜓翅膀"
"3226","01102698","fashion","绿色蜻蜓翅膀"
"3227","01102699","fashion","烈焰翅膀"
"3228","01102700","fashion","蓝色光芒之翼"
"3229","01102702","fashion","红色蝴蝶羽翼"
"3230","01102703","fashion","蓝色蝴蝶羽翼"
"3231","01102704","fashion","精灵翅膀"
"3232","01102705","fashion","背着海鸥去旅行"
"3233","01102706","fashion","极光音符披风"
"3234","01102707","fashion","梦想海螺"
"3235","01102708","fashion","红润海螺"
"3236","01102709","fashion","双色糖果翅膀"
"3237","01102712","fashion","梦寐不忘度假胜地"
"3238","01102723","fashion","光明天使羽翼"
"3239","01102724","fashion","黑暗天使羽翼"
"3240","01102725","fashion","亲密小海獭"
"3241","01102726","fashion","胡萝卜披风"
"3242","01102729","fashion","蝴蝶之恋羽翼"
"3243","01102730","fashion","闪耀光芒之翼"
"3244","01102747","fashion","可爱熊猫"
"3245","01102748","fashion","兔熊野营背包"
"3246","01102749","fashion","五彩星星气球"
"3247","01102754","fashion","群鸟之星"
"3248","01102755","fashion","强化点点气球"
"3249","01102756","fashion","微笑玉米斗篷"
"3250","01102757","fashion","巴尼兔心形气球"
"3251","01102758","fashion","小天使翅膀"
"3252","01102759","fashion","滴溜溜朋友们"
"3253","01102761","fashion","奢华羊绒斗篷"
"3254","01102764","fashion","俠客腰带"
"3255","01102766","fashion","暴走斯乌黑色火焰"
"3256","01102767","fashion","奥尔卡的吊瓶"
"3257","01102768","fashion","女巫蝙蝠披风"
"3258","01102769","fashion","魔女披风"
"3259","01102772","fashion","陈旧鬼怪披风"
"3260","01102773","fashion","幽灵披风"
"3261","01102774","fashion","月全食披风"
"3262","01102775","fashion","埃苏莱布斯核心披风"
"3263","01102777","fashion","宇宙冲撞披风"
"3264","01102778","fashion","棒棒糖披风"
"3265","01102779","fashion","黄金光之翼"
"3266","01102780","fashion","与艾伦同在"
"3267","01102781","fashion","与三笠同在"
"3268","01102782","fashion","与阿尼同在"
"3269","01102783","fashion","与萨莎同在"
"3270","01102784","fashion","与赫里斯塔同在"
"3271","01102785","fashion","与利威尔同在"
"3272","01102786","fashion","从巨人处逃走"
"3273","01102787","fashion","调查兵团披风"
"3274","01102788","fashion","与阿明同在披风"
"3275","01102789","fashion","白熊围巾"
"3276","01102798","fashion","海蓝光之翼"
"3277","01102799","fashion","黑色披风"
"3278","01102800","fashion","暖棉棉披风"
"3279","01102801","fashion","银色的狼披风"
"3280","01102802","fashion","圆圆水晶魔球"
"3281","01102803","fashion","漂亮品克缤气球"
"3282","01102805","fashion","胖胖雪人气球"
"3283","01102806","fashion","可爱小绵羊披风"
"3284","01102807","fashion","金鱼披风"
"3285","01102808","fashion","啵啵鼠气球"
"3286","01102809","fashion","华尔兹斗篷"
"3287","01102811","fashion","雪花飘飘"
"3288","01102812","fashion","暴风雪特效"
"3289","01102813","fashion","肩膀上的白猫"
"3290","01102815","fashion","福袋包"
"3291","01102816","fashion","闪亮小叮当"
"3292","01102818","fashion","星星幻想披风"
"3293","01102819","fashion","小淘气披风"
"3294","01102820","fashion","朦胧的夜晚"
"3295","01102821","fashion","情侣部队战斗披风"
"3296","01102822","fashion","花语"
"3297","01102823","fashion","双色梦幻之翼"
"3298","01102824","fashion","半血之翼"
"3299","01102827","fashion","王的披风"
"3300","01102828","fashion","冒险岛寻宝披风"
"3301","01102830","fashion","돼지바의요정"
"3302","01102831","fashion","高飞"
"3303","01102832","fashion","机械披风"
"3304","01102835","fashion","海贼团披风"
"3305","01102836","fashion","薄荷喵漫游仙境"
"3306","01102837","fashion","盗梦空间"
"3307","01102840","fashion","黑门斗篷"
"3308","01102841","fashion","爱莉丝的泡泡"
"3309","01102842","fashion","菠萝斜挎包"
"3310","01102843","fashion","粉红四翼天使"
"3311","01102844","fashion","鼠鼠和兔兔"
"3312","01102845","fashion","蓝嘟嘟熊披风"
"3313","01102847","fashion","莲花学院守护魂火"
"3314","01102848","fashion","重力场"
"3315","01102849","fashion","重力场"
"3316","01102853","fashion","满月清辉披风"
"3317","01102854","fashion","兔儿爷咚咚"
"3318","01102855","fashion","兔儿奶奶咚咚"
"3319","01102857","fashion","传说中的鱼人"
"3320","01102858","fashion","黑龙时间齿轮"
"3321","01102859","fashion","蓝色雪花飘飘"
"3322","01102860","fashion","调皮云精灵"
"3323","01102861","fashion","乌鲁斯之光"
"3324","01102863","fashion","BIU小彩虹"
"3325","01102864","fashion","蔬果纷飞"
"3326","01102865","fashion","乌云盖顶"
"3327","01102867","fashion","满月清辉披风"
"3328","01102868","fashion","蝙蝠兄弟披风"
"3329","01102869","fashion","花瓣飘飘"
"3330","01102870","fashion","深夜黑棺"
"3331","01102874","fashion","花精灵翅膀"
"3332","01102875","fashion","失忆的外星人"
"3333","01102876","fashion","自嗨时间"
"3334","01102884","fashion","保罗熊披风"
"3335","01102900","fashion","粉嫩雪花"
"3336","01102903","fashion","香蕉猴子气球"
"3337","01102908","fashion","冬日雪人披风"
"3338","01102910","fashion","冰凌雪绒花"
"3339","01102926","fashion","鲨鱼尾巴"
"3340","01102927","fashion","喵咪围巾"
"3341","01080000","fashion","黑龟手套"
"3342","01080001","fashion","婚礼手套"
"3343","01080103","fashion","国庆护手-男款"
"3344","01080104","fashion","国庆手套-男款"
"3345","01080007","fashion","克里斯多夫手套"
"3346","01080008","fashion","蓝莓泡芙球"
"3347","01080009","fashion","小蓝蓝手套"
"3348","01081000","fashion","红龟手套"
"3349","01081001","fashion","蓝龟手套"
"3350","01081003","fashion","白玉咪咪手套"
"3351","01081004","fashion","墨玉咪咪手套"
"3352","01081006","fashion","伊丽莎白手套"
"3353","01081009","fashion","国庆护手-女款"
"3354","01081010","fashion","国庆手套-女款"
"3355","01081013","fashion","艾尔莎手套"
"3356","01081014","fashion","香草泡芙球"
"3357","01081015","fashion","小粉粉手套"
"3358","01082101","fashion","圣诞手套"
"3359","01082102","fashion","透明手套"
"3360","01082113","fashion","剪刀手套"
"3361","01082155","fashion","雪人之手"
"3362","01082156","fashion","熊仔手套"
"3363","01082157","fashion","白骨手套"
"3364","01082161","fashion","星纹手套"
"3365","01082162","fashion","爱心手套"
"3366","01082169","fashion","月兔手套"
"3367","01082166","fashion","猫爪手套"
"3368","01082172","fashion","点点手套"
"3369","01082173","fashion","绝缘手套"
"3370","01082170","fashion","粉色电子表"
"3371","01082171","fashion","蓝色电子表"
"3372","01082231","fashion","经典名品手表"
"3373","01082233","fashion","牛牛猪手套"
"3374","01082247","fashion","可爱小绵羊手套"
"3375","01082249","fashion","荧光亮丽手镯"
"3376","01082250","fashion","卑鄙的狼手套"
"3377","01082251","fashion","朋克手链"
"3378","01082254","fashion","蘑菇王的皮手套"
"3379","01082255","fashion","枫叶赛车手手套"
"3380","01082261","fashion","弗里德的手套"
"3381","01082262","fashion","龙的主人的证据"
"3382","01082263","fashion","邦妮手套"
"3383","01082264","fashion","战士觉醒系列/手套"
"3384","01082267","fashion","灰蒙蒙猫爪子"
"3385","01082268","fashion","暗影双刀手套"
"3386","01082312","fashion","彩虹护腕"
"3387","01082511","fashion","小恐龙绿豆手套"
"3388","01082519","fashion","小恐龙云豆手套"
"3389","01082520","fashion","粉粉绵羊手套"
"3390","01082521","fashion","暗影骑士手套"
"3391","01082522","fashion","金标骑士手套"
"3392","01082524","fashion","Blavy天使手镯"
"3393","01082525","fashion","女妖手套"
"3394","01082527","fashion","高尔夫手套"
"3395","01082548","fashion","强化手镯"
"3396","01082549","fashion","咯咯嗒手套"
"3397","01082551","fashion","巧可羊手套"
"3398","01082552","fashion","云朵羊手套"
"3399","01082555","fashion","精灵闪电手套"
"3400","01082571","fashion","K军的猫咪手套"
"3401","01082618","fashion","嘟嘟熊爪"
"3402","01082620","fashion","阿罗哈花饰"
"3403","01082631","fashion","绿光手环"
"3404","01082632","fashion","陈旧骷髅手套"
"3405","01082633","fashion","骷髅手套"
"3406","01082641","fashion","蓝鸟手套"
"3407","01082642","fashion","雪人手套"
"3408","01082643","fashion","可爱小绵羊手套"
"3409","01082647","fashion","冒险岛寻宝手套"
"3410","01082657","fashion","蓝色熊猫玩偶手套"
"3411","01082659","fashion","枫叶纪念手套"
"3412","01082670","fashion","剑豪袖套"
"3413","01082671","fashion","雷神手镯"
"3414","01082672","fashion","北极手套"
"3415","01082685","fashion","冬日兔兔手环"
"3416","01082689","fashion","喵咪手套"
"3417","02070008","consume","小雪球"
"3418","100000065","consume","体力药水"
"3419","02070009","consume","木制陀螺"
"3420","02070010","consume","冰菱"
"3421","02070011","consume","枫叶镖"
"3422","02070012","consume","纸飞机"
"3423","02070016","consume","水晶飞镖"
"3424","02070019","consume","高科技电光镖"
"3425","02070020","consume","鞭炮"
"3426","02070021","consume","蛋糕镖"
"3427","02070023","consume","火焰飞镖"
"3428","02070024","consume","无限飞镖"
"3429","02070026","consume","白金飞镖"
"3430","02070027","consume","龙背飞镖"
"3431","02070028","consume","红蜗牛壳飞镖"
"3432","02070029","consume","蓝蜗牛壳飞镖"
"3433","02070030","consume","绿蜗牛壳飞镖"
"3434","01702224","fashion","透明装备"
"3435","01702099","fashion","透明拳套"
"3436","01702100","fashion","圣诞钟"
"3437","01702103","fashion","粉色遮阳伞"
"3438","01702104","fashion","巨无霸冰淇淋"
"3439","01702105","fashion","通心钥匙"
"3440","01702106","fashion","巧克力罐"
"3441","01702107","fashion","大奶糖"
"3442","01702108","fashion","七彩棒棒果"
"3443","01702109","fashion","嫣红玫瑰"
"3444","01702110","fashion","冰蓝玫瑰"
"3445","01702111","fashion","果黄玫瑰"
"3446","01702112","fashion","如意金箍棒"
"3447","01702113","fashion","雪猪仔棒"
"3448","01702114","fashion","温莉的叶子"
"3449","01702115","fashion","玫瑰花"
"3450","01702116","fashion","中国结（红色）"
"3451","01702117","fashion","中国结（蓝色）"
"3452","01702118","fashion","亚努斯的剑"
"3453","01702119","fashion","夏其尔的剑"
"3454","01702120","fashion","比耶莫特的剑"
"3455","01702121","fashion","海豹枕"
"3456","01702122","fashion","环杖"
"3457","01702123","fashion","八戒钉耙"
"3458","01702124","fashion","我的朋友小喵喵"
"3459","01702125","fashion","礼物心心棒"
"3460","01702127","fashion","水枪"
"3461","01702131","fashion","F7企鹅王"
"3462","01702132","fashion","棒棒绿水灵"
"3463","01702133","fashion","钢拳"
"3464","01702134","fashion","埃及蛇杖"
"3465","01702136","fashion","雪之花"
"3466","01702138","fashion","大火腿"
"3467","01702139","fashion","钩子拳套"
"3468","01702140","fashion","马兰花"
"3469","01702141","fashion","我的好朋友小汪汪"
"3470","01702142","fashion","天使魔力棒"
"3471","01702143","fashion","传说中的注射器"
"3472","01702144","fashion","断剑"
"3473","01702145","fashion","幽冥鬼爪"
"3474","01702146","fashion","幽冥鬼杖"
"3475","01702147","fashion","幽冥鬼斧"
"3476","01702149","fashion","熔岩刀"
"3477","01702150","fashion","冰凌刀"
"3478","01702151","fashion","死神之剑"
"3479","01702153","fashion","魔剑"
"3480","01702154","fashion","霹雳雷光剑"
"3481","01702155","fashion","绚丽彩虹"
"3482","01702157","fashion","火烤棉花糖"
"3483","01702161","fashion","凶恶的狗狗"
"3484","01702162","fashion","考拉"
"3485","01702163","fashion","热腾腾的热狗叉"
"3486","01702164","fashion","兔兔双截棍"
"3487","01702165","fashion","同班男生"
"3488","01702166","fashion","圣诞树拐杖"
"3489","01702168","fashion","闪亮圣诞树"
"3490","01702169","fashion","同班女生"
"3491","01702172","fashion","拍档小鸟"
"3492","01702173","fashion","闪电雷光剑"
"3493","01702174","fashion","美丽花蝴蝶"
"3494","01702175","fashion","膨胀的香肠"
"3495","01702179","fashion","蓝蓝天空枕头"
"3496","01702180","fashion","暗夜极光"
"3497","01702181","fashion","橡皮鸭子"
"3498","01702182","fashion","洛丽波板糖"
"3499","01702186","fashion","迪波"
"3500","01702187","fashion","蓝色极光"
"3501","01702188","fashion","粉色极光"
"3502","01702189","fashion","大钳螃蟹"
"3503","01702193","fashion","湿抹布"
"3504","01702194","fashion","圣火火炬"
"3505","01702195","fashion","冒险明星魔术棒"
"3506","01702196","fashion","飞飞蓝鸟"
"3507","01702199","fashion","彩色雨伞"
"3508","01702200","fashion","透明雨伞"
"3509","01702201","fashion","骷髅棒"
"3510","01702202","fashion","战斗小象"
"3511","01702203","fashion","万圣节泰迪熊"
"3512","01702204","fashion","日本铁扇"
"3513","01702207","fashion","旋律提琴"
"3514","01702208","fashion","搞怪鳄鱼"
"3515","01702209","fashion","驯鹿拐杖"
"3516","01702210","fashion","圣诞搭档"
"3517","01702211","fashion","亮丽雪片"
"3518","01702212","fashion","异界之器"
"3519","01702213","fashion","心碎瞬间"
"3520","01702216","fashion","爱心礼物棒"
"3521","01702217","fashion","黄鸭子游泳圈"
"3522","01702218","fashion","哑铃"
"3523","01702219","fashion","弹弹拳击手"
"3524","01702221","fashion","粉红缤缤"
"3525","01702222","fashion","礼花罐"
"3526","01702223","fashion","烟火棒"
"3527","01702226","fashion","我的朋友小海豚"
"3528","01702228","fashion","可可香蕉"
"3529","01702229","fashion","希冀镰刀"
"3530","01702230","fashion","冰蓝雪糕"
"3531","01702232","fashion","我的朋友金猎犬"
"3532","01702233","fashion","彩虹毛笔"
"3533","01702235","fashion","金属手臂"
"3534","01702237","fashion","千年白狐"
"3535","01702238","fashion","小海豚"
"3536","01702239","fashion","魔法书(光明)"
"3537","01702240","fashion","魔法书(黑暗)"
"3538","01702246","fashion","幽魂武器"
"3539","01702248","fashion","圣诞鹿武器"
"3540","01702249","fashion","小鸡抱枕"
"3541","01702250","fashion","钞票箱"
"3542","01702251","fashion","电锯惊魂枪"
"3543","01702252","fashion","鹰的飞舞"
"3544","01702253","fashion","邦妮雨伞"
"3545","01702254","fashion","圣诞鹿"
"3546","01702256","fashion","风灵使者娃娃"
"3547","01702257","fashion","魂骑士娃娃"
"3548","01702258","fashion","炎术士娃娃"
"3549","01702259","fashion","奇袭者娃娃"
"3550","01702260","fashion","夜行者娃娃"
"3551","01702261","fashion","樱花棒"
"3552","01702262","fashion","电钢球"
"3553","01702263","fashion","小灰灰猫"
"3554","01702266","fashion","希望胸针"
"3555","02030000","consume","回城卷轴"
"3556","02030001","consume","明珠港回城卷"
"3557","02030002","consume","魔法密林回城卷"
"3558","02030003","consume","勇士部落回城卷"
"3559","02030004","consume","射手村回城卷"
"3560","02030005","consume","废弃都市回城卷"
"3561","02030006","consume","林中之城回城卷"
"3562","02030007","consume","废矿回城卷轴"
"3563","02434229","consume","新手礼包"
"3564","01003226_1","fashion","回归萌新帽"
"3565","01040132_1","fashion","回归萌新上衣"
"3566","01062093_1","fashion","回归萌新裤裙"
"3567","05210001","consume","双倍经验卡[七天权]"
"3568","05210002","consume","双倍经验卡[一天权]"
"3569","05211047","consume","双倍经验卡[3小时权]"
"3570","01114200","equip","天逆戒“凝气”"
"3571","01114201","equip","天逆戒“筑基”"
"3572","01114202","equip","天逆戒“结丹”"
"3573","01114203","equip","天逆戒“元婴”"
"3574","01114204","equip","天逆戒“化神”"
"3575","01114205","equip","天逆戒“婴变”"
"3576","01114206","equip","天逆戒“问鼎”"
"3577","01114207","equip","天逆戒“阴虚”"
"3578","01114208","equip","天逆戒“阳实”"
"3579","01114209","equip","天逆戒“窥涅”"
"3580","01114210","equip","天逆戒“净涅”"
"3581","01114211","equip","天逆戒“碎涅”"
"3582","01114212","equip","天逆戒“空涅”"
"3583","01114213","equip","天逆戒“空灵”"
"3584","01114214","equip","天逆戒“空玄”"
"3585","01114215","equip","天逆戒“空劫”"
"3586","01114216","equip","天逆戒“踏天”"
"3587","01114217","equip","天逆戒“踏天之道”"
"3588","01114218","equip","天逆戒“踏天神祗”"
"3589","04430000","material","金砖"
"3590","04004003","material","幸运水晶母矿"
"3591","04004002","material","敏捷水晶母矿"
"3592","04004001","material","智慧水晶母矿"
"3593","04004000","material","力量水晶母矿"
"3594","04005003","material","幸运水晶"
"3595","04005002","material","敏捷水晶"
"3596","04005001","material","智慧水晶"
"3597","04005000","material","力量水晶"
"3598","04310100","material","金条"
"3599","04001126","material","枫叶"
"3600","01302020","equip","枫叶战剑"
"3601","01302030","equip","枫叶剑"
"3602","01302064","equip","枫叶突击剑"
"3603","01332025","equip","枫叶刃"
"3604","01332055","equip","枫叶锁魄铗"
"3605","01332056","equip","枫叶追魂刺"
"3606","01382009","equip","枫叶权杖"
"3607","01382012","equip","枫叶杖"
"3608","01382039","equip","枫叶丹心杖"
"3609","01402039","equip","枫叶枭首剑"
"3610","01412011","equip","枫叶斧"
"3611","01412027","equip","枫叶乾坤轮"
"3612","01422014","equip","枫叶锤"
"3613","01422029","equip","枫叶轰天镗"
"3614","01432012","equip","枫叶枪"
"3615","01432040","equip","枫叶钻天枪"
"3616","01442024","equip","枫叶矛"
"3617","01442051","equip","枫叶战斧"
"3618","01452022","equip","枫叶弓"
"3619","01452045","equip","枫叶HAPPY弓"
"3620","01462014","equip","枫叶玉弩"
"3621","01462019","equip","枫叶弩"
"3622","01462040","equip","枫叶击星弩"
"3623","01472030","equip","小枫叶拳"
"3624","01472032","equip","枫叶拳"
"3625","01472055","equip","枫叶定天拳"
"3626","01332207","equip","风暴龙牙破"
"3627","01382193","equip","风暴治愈长杖"
"3628","01402174","equip","风暴巨剑"
"3629","01412123","equip","风暴蝶翼斧"
"3630","01422125","equip","风暴枫叶锤"
"3631","01432151","equip","风暴枪"
"3632","01442203","equip","风暴半月矛"
"3633","01452190","equip","风暴弓"
"3634","01462178","equip","风暴岩石"
"3635","01472198","equip","风暴正义"
"3636","01102000","equip","绿色冒险披风"
"3637","01102001","equip","蓝色冒险披风"
"3638","01102002","equip","红色冒险披风"
"3639","01102003","equip","白色冒险披风"
"3640","01102004","equip","黑色冒险披风"
"3641","01102011","equip","蓝色守护披风"
"3642","01102012","equip","红色守护披风"
"3643","01102013","equip","白色守护披风"
"3644","01102014","equip","黑色守护披风"
"3645","01102015","equip","蓝色魔法披风"
"3646","01102016","equip","红色魔法披风"
"3647","01102017","equip","白色魔法披风"
"3648","01102018","equip","黑色魔法披风"
"3649","01102021","equip","蓝斗士披风"
"3650","01102022","equip","红斗士披风"
"3651","01102023","equip","白斗士披风"
"3652","01102024","equip","黑斗士披风"
"3653","01102026","equip","绿妖精披风"
"3654","01102027","equip","蓝妖精披风"
"3655","01102028","equip","红妖精披风"
"3656","01102029","equip","白妖精披风"
"3657","01102030","equip","黑妖精披风"
"3658","01102031","equip","绿龙纹披风"
"3659","01102032","equip","紫龙纹披风"
"3660","01102033","equip","红龙纹披风"
"3661","01102034","equip","蓝龙纹披风"
"3662","01102035","equip","黑龙纹披风"
"3663","01082001","equip","白纹短手套"
"3664","01082006","equip","紫矿机器手套"
"3665","01082011","equip","黄金合金手套"
"3666","01082016","equip","蓝命中手套"
"3667","01082021","equip","绿色梅林手套"
"3668","01082026","equip","蓝贤者手套"
"3669","01082031","equip","黑短指手套"
"3670","01082036","equip","黑轻便手套"
"3671","01082046","equip","钢铁追击手套"
"3672","01082051","equip","红守护手套"
"3673","01082056","equip","黑神圣手套"
"3674","01082061","equip","黑战斗手套"
"3675","01082002","equip","工地手套"
"3676","01082007","equip","青铜机器手套"
"3677","01082012","equip","青狩猎手套"
"3678","01082017","equip","红命中手套"
"3679","01082022","equip","紫色梅林手套"
"3680","01082027","equip","红贤者手套"
"3681","01082032","equip","青铜飞侠手套"
"3682","01082037","equip","青铜精神手套"
"3683","01082042","equip","钢铁暴风手套"
"3684","01082047","equip","紫矿追击手套"
"3685","01082052","equip","蓝守护手套"
"3686","01082062","equip","红精灵手套"
"3687","01082003","equip","腕甲"
"3688","01082008","equip","铁制轻便手套"
"3689","01082013","equip","蓝狩猎手套"
"3690","01082018","equip","黑命中手套"
"3691","01082023","equip","钢铁指节手套"
"3692","01082028","equip","黑贤者手套"
"3693","01082033","equip","锂矿飞侠手套"
"3694","01082038","equip","锂矿精神手套"
"3695","01082043","equip","银暴风手套"
"3696","01082048","equip","褐击中手套"
"3697","01082053","equip","黑守护手套"
"3698","01082063","equip","蓝精灵手套"
"3699","01082004","equip","皮手套"
"3700","01082009","equip","钢铁合金手套"
"3701","01082014","equip","红狩猎手套"
"3702","01082019","equip","魔法手套"
"3703","01082024","equip","朱矿指节手套"
"3704","01082029","equip","褐短指手套"
"3705","01082034","equip","黑飞侠手套"
"3706","01082039","equip","黑精神手套"
"3707","01082044","equip","黄金暴风手套"
"3708","01082049","equip","绿击中手套"
"3709","01082054","equip","红神圣手套"
"3710","01082059","equip","青铜战斗手套"
"3711","01082064","equip","黑精灵手套"
"3712","01082005","equip","钢制机器手套"
"3713","01082010","equip","锂矿合金手套"
"3714","01082015","equip","绿狩猎手套"
"3715","01082020","equip","蓝色梅林手套"
"3716","01082025","equip","黑指节手套"
"3717","01082030","equip","蓝短指手套"
"3718","01082035","equip","黄轻便手套"
"3719","01082045","equip","黄金追击手套"
"3720","01082050","equip","黑击中手套"
"3721","01082055","equip","蓝神圣手套"
"3722","01082060","equip","蓝战斗手套"
"3723","01082065","equip","青月手套"
"3724","01082066","equip","黄月手套"
"3725","01082071","equip","蓝勇气手套"
"3726","01082076","equip","黄金侠客手套"
"3727","01082081","equip","红元素手套"
"3728","01082086","equip","钢铁封印手套"
"3729","01082091","equip","黑神功手套"
"3730","01082096","equip","银名誉手套"
"3731","01082106","equip","蓝神眼手套"
"3732","01082067","equip","赤月手套"
"3733","01082072","equip","黄金勇气手套"
"3734","01082082","equip","蓝元素手套"
"3735","01082087","equip","黄金封印手套"
"3736","01082092","equip","青铜柔丝手套"
"3737","01082097","equip","黄金名誉手套"
"3738","01082107","equip","黄金神眼手套"
"3739","01082068","equip","青铜名弓手套"
"3740","01082073","equip","黑勇气手套"
"3741","01082083","equip","黑意志手套"
"3742","01082088","equip","黑封印手套"
"3743","01082093","equip","钢铁柔丝手套"
"3744","01082098","equip","褐战魂手套"
"3745","01082103","equip","青铜暗影手套"
"3746","01082108","equip","黑神眼手套"
"3747","01082069","equip","锂矿名弓手套"
"3748","01082074","equip","黑侠客手套"
"3749","01082084","equip","蓝意志手套"
"3750","01082089","equip","黄神功手套"
"3751","01082094","equip","黄金柔丝手套"
"3752","01082099","equip","蓝战魂手套"
"3753","01082104","equip","锂矿暗影手套"
"3754","01082070","equip","黄金名弓手套"
"3755","01082075","equip","红侠客手套"
"3756","01082080","equip","黑元素手套"
"3757","01082085","equip","红意志手套"
"3758","01082090","equip","赤神功手套"
"3759","01082095","equip","青铜名誉手套"
"3760","01082100","equip","黑战魂手套"
"3761","01082105","equip","黑暗影手套"
"3762","01032000","equip","锤耳环"
"3763","01032001","equip","单边银色耳环"
"3764","01032002","equip","蓝宝石耳环"
"3765","01032003","equip","紫水晶耳环"
"3766","01032004","equip","金耳环"
"3767","01032005","equip","红十字耳环"
"3768","01032006","equip","雷电耳环"
"3769","01032007","equip","祖母绿耳环"
"3770","01032008","equip","猫眼耳环"
"3771","01032009","equip","黄方耳环"
"3772","01032010","equip","黄星耳环"
"3773","01032011","equip","青月耳环"
"3774","01032012","equip","骷髅耳环"
"3775","01032013","equip","爱心耳环"
"3776","01032014","equip","梅花耳环"
"3777","01032015","equip","银制耳环"
"3778","01032016","equip","金属心型耳环"
"3779","01032017","equip","玫瑰耳环"
"3780","01032018","equip","紫荆花耳环"
"3781","01032019","equip","水仙耳环"
"3782","01032020","equip","黄金耳环"
"3783","01032021","equip","圣十字耳环"
"3784","01032022","equip","赤色圆型耳环"
"3785","01032023","equip","草莓耳环"
"3786","01032024","fashion","透明耳环"
"3787","01032025","equip","叶子耳环"
"3788","01032026","equip","黄水晶耳环"
"3789","01032027","equip","黑水晶耳环"
"3790","01032028","equip","红水晶耳环"
"3791","01032030","equip","勇气耳环"
"3792","01032031","equip","黑龙金盾坠"
"3793","01032032","equip","秋叶耳环"
"3794","01032033","equip","守护石耳环"
"3795","01032035","equip","枫叶耳环"
"3796","01032039","equip","暗月耳环"
"3797","01032040","equip","萌新耳环"
"3798","01032041","equip","至尊耳环"
"3799","01032042","equip","枫叶型耳环"
"3800","04033302","material","扎昆的石片"
"3801","04001083","material","扎昆的象征"
"3802","02040001","consume","头盔防御卷轴60%"
"3803","02040002","consume","头盔防御卷轴10%"
"3804","02040004","consume","头盔体力卷轴60%"
"3805","02040005","consume","头盔体力卷轴10%"
"3806","02040025","consume","头盔智力卷轴60%"
"3807","02040026","consume","头盔智力卷轴10%"
"3808","02040029","consume","头盔敏捷卷轴60%"
"3809","02040031","consume","头盔敏捷卷轴10%"
"3810","02040032","consume","头盔力量卷轴60%"
"3811","02040033","consume","头盔力量卷轴10%"
"3812","02040034","consume","头盔运气卷轴60%"
"3813","02040035","consume","头盔运气卷轴10%"
"3814","02040301","consume","耳环智力卷轴60%"
"3815","02040302","consume","耳环智力卷轴10%"
"3816","02040310","consume","耳环防御力卷轴10%"
"3817","02040311","consume","耳环防御力卷轴60%"
"3818","02040321","consume","耳环装饰运气卷轴60%"
"3819","02040323","consume","耳环运气卷轴10%"
"3820","02040326","consume","耳环装饰体力卷轴60%"
"3821","02040328","consume","耳环装饰体力卷轴10%"
"3822","02040329","consume","耳环力量卷轴60%"
"3823","02040330","consume","耳环力量卷轴10%"
"3824","02040331","consume","耳环敏捷卷轴60%"
"3825","02040332","consume","耳环敏捷卷轴10%"
"3826","02040401","consume","上衣防御卷轴60%"
"3827","02040402","consume","上衣防御卷轴10%"
"3828","02040412","consume","上衣运气卷轴10%"
"3829","02040413","consume","上衣运气卷轴60%"
"3830","02040418","consume","上衣力量卷轴60%"
"3831","02040419","consume","上衣力量卷轴10%"
"3832","02040421","consume","上衣体力卷轴60%"
"3833","02040422","consume","上衣体力卷轴10%"
"3834","02040423","consume","上衣智力卷轴60%"
"3835","02040424","consume","上衣智力卷轴10%"
"3836","02040425","consume","上衣敏捷卷轴60%"
"3837","02040426","consume","上衣敏捷卷轴10%"
"3838","02040501","consume","全身铠甲敏捷卷轴60%"
"3839","02040502","consume","全身铠甲敏捷卷轴10%"
"3840","02040504","consume","全身铠甲防御卷轴60%"
"3841","02040505","consume","全身铠甲防御卷轴10%"
"3842","02040513","consume","全身铠甲智力卷轴60%"
"3843","02040514","consume","全身铠甲智力卷轴10%"
"3844","02040516","consume","全身铠甲运气卷轴60%"
"3845","02040517","consume","全身铠甲运气卷轴10%"
"3846","02040534","consume","全身盔甲攻击卷轴10%"
"3847","02040532","consume","全身盔甲力量卷轴60%"
"3848","02040601","consume","裤/裙防御卷轴60%"
"3849","02040602","consume","裤/裙防御卷轴10%"
"3850","02040618","consume","裤裙跳跃卷轴60%"
"3851","02040619","consume","裤裙跳跃卷轴10%"
"3852","02040625","consume","裤裙敏捷卷轴60%"
"3853","02040627","consume","裤裙敏捷卷轴10%"
"3854","02040628","consume","裤裙智力卷轴60%"
"3855","02040629","consume","裤裙智力卷轴10%"
"3856","02040630","consume","裤裙力量卷轴60%"
"3857","02040631","consume","裤裙力量卷轴10%"
"3858","02040632","consume","裤裙运气卷轴60%"
"3859","02040633","consume","裤裙运气卷轴10%"
"3860","02040701","consume","鞋子敏捷度卷轴60%"
"3861","02040702","consume","鞋子敏捷度卷轴10%"
"3862","02040704","consume","鞋子跳跃卷轴60%"
"3863","02040705","consume","鞋子跳跃卷轴10%"
"3864","02040707","consume","鞋子速度卷轴60%"
"3865","02040708","consume","鞋子速度卷轴10%"
"3866","02040801","consume","手套敏捷卷轴60%"
"3867","02040802","consume","手套敏捷卷轴10%"
"3868","02040804","consume","手套攻击卷轴60%"
"3869","02040805","consume","手套攻击卷轴10%"
"3870","02040816","consume","手套魔力卷轴10%"
"3871","02040817","consume","手套魔力卷轴60%"
"3872","02040824","consume","手套体力卷轴60%"
"3873","02040825","consume","手套体力卷轴10%"
"3874","02040901","consume","盾牌防御卷轴60%"
"3875","02040902","consume","盾牌防御卷轴10%"
"3876","02040914","consume","盾牌攻击卷轴60%"
"3877","02040915","consume","盾牌攻击卷轴10%"
"3878","02040919","consume","盾牌魔力卷轴60%"
"3879","02040920","consume","盾牌魔力卷轴10%"
"3880","02040924","consume","盾牌运气卷轴60%"
"3881","02040925","consume","盾牌运气卷轴10%"
"3882","02040927","consume","盾牌体力卷轴60%"
"3883","02040928","consume","盾牌体力卷轴10%"
"3884","02040931","consume","盾牌力量卷轴60%"
"3885","02040933","consume","盾牌力量卷轴10%"
"3886","02041001","consume","披风魔防卷轴60%"
"3887","02041002","consume","披风魔防卷轴10%"
"3888","02041004","consume","披风防御卷轴60%"
"3889","02041005","consume","披风防御卷轴10%"
"3890","02041013","consume","披风力量卷轴60%"
"3891","02041014","consume","披风攻击卷轴10%"
"3892","02041016","consume","披风智力卷轴60%"
"3893","02041017","consume","披风智力卷轴10%"
"3894","02041020","consume","披风敏捷卷轴10%"
"3895","02041019","consume","披风敏捷卷轴60%"
"3896","02041023","consume","披风运气卷轴10%"
"3897","02041022","consume","披风运气卷轴60%"
"3898","02041201","consume","项链运气卷轴10%"
"3899","02041202","consume","项链运气卷轴60%"
"3900","02041206","consume","项链力量卷轴10%"
"3901","02041207","consume","项链力量卷轴60%"
"3902","02043001","consume","单手剑攻击卷轴60%"
"3903","02043002","consume","单手剑攻击卷轴10%"
"3904","02043009","consume","单手剑魔力卷轴60%"
"3905","02043008","consume","单手剑魔力卷轴10%"
"3906","02043102","consume","单手斧攻击卷轴10%"
"3907","02043101","consume","单手斧攻击卷轴60%"
"3908","02043202","consume","单手钝器攻击卷轴10%"
"3909","02043201","consume","单手钝器攻击卷轴60%"
"3910","02043302","consume","短剑攻击卷轴10%"
"3911","02043301","consume","短剑攻击卷轴60%"
"3912","02043702","consume","短杖魔力卷轴10%"
"3913","02043701","consume","短杖魔力卷轴60%"
"3914","02043802","consume","长杖魔力卷轴10%"
"3915","02043801","consume","长杖魔力卷轴60%"
"3916","02044002","consume","双手剑攻击卷轴10%"
"3917","02044001","consume","双手剑攻击卷轴60%"
"3918","02044102","consume","双手斧攻击卷轴10%"
"3919","02044101","consume","双手斧攻击卷轴60%"
"3920","02044202","consume","双手钝器攻击卷轴10%"
"3921","02044201","consume","双手钝器攻击卷轴60%"
"3922","02044302","consume","枪攻击卷轴10%"
"3923","02044301","consume","枪攻击卷轴60%"
"3924","02044401","consume","矛攻击卷轴60%"
"3925","02044402","consume","矛攻击卷轴10%"
"3926","02044502","consume","弓攻击卷轴10%"
"3927","02044501","consume","弓攻击卷轴60%"
"3928","02044602","consume","弩攻击卷轴10%"
"3929","02044601","consume","弩攻击卷轴60%"
"3930","02044702","consume","拳套攻击卷轴10%"
"3931","02044701","consume","拳套攻击卷轴60%"
"3932","01122017","equip","精灵吊坠"
"3933","01122074","equip","枫叶吊坠"
"3934","01122109","equip","葡萄吊坠"
"3935","01122174","equip","运动会优胜组吊坠"
"3936","01122189","equip","贪婪吊坠"
"3937","01122224","equip","至尊之心"
"3938","01122226","equip","闹钟之心"
"3939","01122231","equip","扎昆之心"
"3940","01122232","equip","完整的心之项链(魔法)"
"3941","01122236","equip","觉醒的心之项链(攻击)"
"3942","01122237","equip","觉醒的心之项链(魔法)"
"3943","01122246","equip","伟大单身部队成员的项链"
"3944","01122249","equip","梦之暗黑龙王项链"
"3945","01122263","equip","斯文人之吊坠"
"3946","01122285","equip","黑龙项环"
"3947","01122286","equip","赏金猎人项链"
"3948","01122287","equip","高手赏金猎人项链"
"3949","01122288","equip","大师赏金猎人项链"
"3950","01122289","equip","传说赏金猎人项链"
"3951","01122299","equip","圣诞鹿吊坠"
"3952","01122302","equip","下级环游世界吊坠"
"3953","01122304","equip","野餐吊坠"
"3954","01122308","equip","受损的项链"
"3955","01122309","equip","小明的项链"
"3956","01122310","equip","小菁的项链"
"3957","01122322","equip","金花吊坠"
"3958","01122329","equip","黄金蜂蜜松饼项链"
"3959","01032059","equip","零度可乐耳环"
"3960","01032062","equip","元素耳环"
"3961","01032077","equip","闹钟耳环"
"3962","01032078","equip","扎昆耳环"
"3963","01032079","equip","莱格斯的蓝色耳环"
"3964","01032085","equip","开拓者耳环"
"3965","01032092","equip","新月耳环"
"3966","01032093","equip","旭日耳环"
"3967","01032099","equip","葡萄耳环"
"3968","01032102","equip","黑龙耳环"
"3969","01032103","equip","完整的莱克斯红色耳环"
"3970","01032104","equip","完整的莱克斯蓝色耳环"
"3971","01032111","equip","传说枫叶耳环"
"3972","01032112","equip","传说枫叶耳环"
"3973","01032113","equip","传说枫叶耳环"
"3974","01032114","equip","酸甜耳环"
"3975","01032116","equip","传说酸甜耳环"
"3976","01032121","equip","运动会优胜组耳环"
"3977","01032127","equip","希望之树之银色耳环"
"3978","01032128","equip","希望之树之金色耳环"
"3979","01032129","equip","希望之树之传说耳环"
"3980","01032138","fashion","龙魂耳环"
"3981","01032139","equip","坚韧战士的耳环"
"3982","01032141","equip","英雄的耳环"
"3983","01032143","equip","贤明魔法师的耳环"
"3984","01032144","equip","自由弓箭手的耳环"
"3985","01032147","equip","反抗者耳环"
"3986","01032254","equip","三眼章鱼耳环"
"3987","01082150","equip","工地手套(灰)"
"3988","01082149","equip","工地手套(褐)"
"3989","01082148","equip","工地手套(紫)"
"3990","01082147","equip","工地手套(蓝)"
"3991","01082146","equip","工地手套(红)"
"3992","01082145","equip","工地手套(黄)"
"3993","01082176","equip","马绍尔手套(青)"
"3994","01082175","equip","马绍尔手套(赤)"
"3995","01082179","equip","马绍尔手套(黄)"
"3996","01082178","equip","马绍尔手套(桃)"
"3997","01082177","equip","马绍尔手套(紫)"
"3998","01082252","equip","萌新手套"
"3999","01082309","equip","至尊手套"
"4000","01082308","equip","迷雾漫步者重手套"
"4001","01082307","equip","清风漫步者重手套"
"4002","01082306","equip","神秘漫步者重手套"
"4003","01082305","equip","强力漫步者重手套"
"4004","01082424","equip","3x3 手套"
"4005","01082553","equip","光之十字手套"
"4006","01082572","equip","牛郎星手套"
"4007","01082260","equip","雪之猫女拳套"
"4008","01082259","equip","黑暗独角兽拳套"
"4009","01082258","equip","沃勒福拳套"
"4010","01082257","equip","牛魔王拳套"
"4011","01082256","equip","印第安老斑鸠拳套"
"4012","01002357","equip","扎昆头盔"
"4013","01002390","equip","真扎昆头盔"
"4014","01002508","equip","萌新头盔"
"4015","01002509","equip","至尊头盔"
"4016","01002510","equip","枫叶头盔"
"4017","01002517","equip","红色枫叶头巾"
"4018","01002699","equip","南瓜帽子"
"4019","01002758","equip","强化版枫叶头盔"
"4020","01002797","equip","毕业帽子"
"4021","01002807","equip","红马术帽"
"4022","01002808","equip","蓝马术帽"
"4023","01002894","equip","粉色编织发带"
"4024","01002895","equip","红色编织发带"
"4025","01002896","equip","紫色编织发带"
"4026","01002897","equip","橙色编织发带"
"4027","01002898","equip","绿色编织发带"
"4028","01002899","equip","黄色编织发带"
"4029","01002900","equip","蓝色编织发带"
"4030","01002901","equip","银色编织发带"
"4031","01002902","equip","黑色编织发带"
"4032","01002914","equip","盖福克斯的帽子(力量)"
"4033","01002915","equip","盖福克斯的帽子(敏捷)"
"4034","01002916","equip","盖福克斯的帽子(智力)"
"4035","01002917","equip","盖福克斯的帽子(幸运)"
"4036","01002938","equip","安全帽"
"4037","01003031","equip","印第安老斑鸠帽子"
"4038","01003032","equip","牛魔王帽子"
"4039","01003033","equip","沃勒福帽子"
"4040","01003034","equip","黑暗独角兽帽子"
"4041","01003114","equip","紫龙头盔"
"4042","01003391","equip","鬼节南瓜帽"
"4043","01003450","equip","品克缤帽子"
"4044","01003554","equip","武士的护额"
"4045","01003555","equip","武将的护额"
"4046","01003556","equip","猛将的护额"
"4047","01003843","fashion","可爱泡泡"
"4048","01004037","equip","牛郎星头绳"
"4049","01004097","equip","春节舞狮"
"4050","01004185","equip","蓝色蘑菇帽"
"4051","01004186","equip","幼红独角狮帽子"
"4052","01004187","fashion","小猴子帽子"
"4053","01004188","fashion","白雪人帽子"
"4054","01004189","fashion","企鹅王帽子"
"4055","01102040","equip","浪人披风(黄)"
"4056","01102041","equip","浪人披风(粉)"
"4057","01102042","equip","浪人披风(紫)"
"4058","01102043","equip","浪人披风(褐)"
"4059","01102053","equip","破披风"
"4060","01102054","equip","蓝魔力披风"
"4061","01102055","equip","小丑披风"
"4062","01102056","equip","恶魔之翼"
"4063","01102064","equip","兽皮披风"
"4064","01102079","equip","破旧的红色披风"
"4065","01102081","equip","破旧的黄色披风"
"4066","01102082","equip","破旧的黑色披风"
"4067","01102084","equip","粉红盖亚披风"
"4068","01102085","equip","黄色盖亚披风"
"4069","01102086","equip","紫色盖亚披风"
"4070","01102139","equip","蒙特鸠披风"
"4071","01102140","equip","卡帕莱特披风"
"4072","01102165","equip","塔鲁之魂斗篷"
"4073","01102166","equip","萌新披风"
"4074","01102167","equip","至尊披风"
"4075","01102168","equip","枫叶披风"
"4076","01102176","equip","蝙蝠侠披风"
"4077","01102235","equip","战士觉醒系列/披风"
"4078","01102246","equip","冰雪披风"
"4079","01102299","equip","草绿爱心气球披风"
"4080","01102422","equip","宏武团披风"
"4081","01102441","equip","专属紫金枫叶披风"
"4082","01102442","equip","极光披风"
"4083","01102444","equip","黑暗极光披风"
"4084","01072275","equip","萌新鞋子"
"4085","01072419","equip","印第安老斑鸠鞋"
"4086","01072420","equip","Marbas Shoes"
"4087","01072421","equip","沃勒福鞋"
"4088","01072422","equip","闹钟鞋"
"4089","01072665","equip","宏武团布鞋"
"4090","01072701","equip","至尊鞋子"
"4091","01072702","equip","扎昆鞋"
"4092","04001085","material","皮亚努斯的象征"
"4093","01142075","title","至尊勋章"
"4094","01142908","title","混沌级勋章"
"4095","01142122","title","蝙蝠怪拔毛专家"
"4096","01142153","title","金银岛保安"
"4097","01143314","title","金银岛警卫"
"4098","01143315","title","天空甘道夫"
"4099","01143322","title","可爱萌新"
"4100","01142392","title","人级勋章"
"4101","01142440","title","星河级勋章"
"4102","01142803","title","霸级勋章"
"4103","01142942","title","深海收集家"
"4104","01142949","title","终极勋章"
"4105","01142977","title","地级勋章"
"4106","01142968","title","副本狂魔"
"4107","01143022","title","贡献贵宾"
"4108","01143023","title","V贡献贵宾"
"4109","01143024","title","宇宙级勋章"
"4110","01032029","fashion","925银耳环"
"4111","01032034","fashion","可乐耳环"
"4112","01032038","fashion","雪花耳钉"
"4113","01032051","fashion","钻石耳钉"
"4114","01032052","fashion","绿水灵耳钉"
"4115","01032053","fashion","四叶草耳环"
"4116","01032054","fashion","彩虹耳环"
"4117","01032063","fashion","蓝牙耳机"
"4118","01032073","fashion","风铃耳环"
"4119","01032074","fashion","炫幻心耳环"
"4120","01032094","fashion","胡萝卜耳环"
"4121","01032145","fashion","螃蟹耳环"
"4122","01032155","fashion","杜鹃花耳环"
"4123","01032233","fashion","粉色桃心耳环"
"4124","01032234","fashion","蓝色桃心耳环"
"4125","01032264","fashion","水菊耳环"
"4126","01032315","fashion","梦中之光"
"4127","01032320","fashion","宇宙之星耳钉"
"4128","01032321","fashion","宇宙之星耳坠"
"4129","01032327","fashion","灵魂羁绊"
"4130","01032333","fashion","简约耳钉"
"4131","01032337","fashion","魔力凝聚耳环"
"4132","04001017","material","火焰的眼"
"4133","02340000","consume","祝福卷轴"
"4134","01115269","equip","萌新限时指环1"
"4135","01115298","equip","至尊会员戒指"
"4136","01115371","equip","萌新限时指环3"
"4137","01115505","equip","萌新限时指环4"
"4138","02049100","consume","混沌卷轴"
"4139","02049116","consume","强化混沌卷轴"
"4140","02049122","consume","正向混沌"
"4141","01113056","equip","超越证明戒指"
"4142","01113042","equip","超越保护戒指"
"4143","01113057","equip","绝对指环"
"4144","01113299","equip","黑龙戒指"
"4145","01114300","equip","复仇戒指"
"4146","01114302","equip","集合之戒"
"4147","01114303","equip","宇宙戒指"
"4148","01114313","equip","荣耀特攻队戒指:守护者"
"4149","01114314","equip","荣耀特攻队戒指:大师"
"4150","01114315","equip","荣耀特攻队戒指:司令"
"4151","01114316","equip","荣耀特攻队戒指:至尊"
"4152","01002748","fashion","苹果绿头套"
"4153","01112793","equip","快乐指环"
"4154","01112915","equip","蓝调戒指"
"4155","01114305","equip","混沌戒指"
"4156","01114318","equip","觉醒戒指"
"4157","01114324","equip","黑龙火焰戒指"
"4158","01114317","equip","水晶蓝宝戒指"
"4159","01092030","equip","枫叶盾"
"4160","01302312","equip","扎昆泊伊兹尼之剑"
"4161","01312182","equip","扎昆泊伊兹尼斧"
"4162","01322233","equip","扎昆泊伊兹尼锤"
"4163","01332257","equip","扎昆泊伊兹尼短刀"
"4164","01372204","equip","扎昆泊伊兹尼短杖"
"4165","01382242","equip","扎昆泊伊兹尼长杖"
"4166","01402233","equip","扎昆泊伊兹尼双手剑"
"4167","01412161","equip","扎昆泊伊兹尼双手战斧"
"4168","01422168","equip","扎昆泊伊兹尼大锤"
"4169","01432197","equip","扎昆泊伊兹尼枪"
"4170","01442251","equip","扎昆泊伊兹尼矛"
"4171","01452235","equip","扎昆泊伊兹尼弓"
"4172","01462222","equip","扎昆泊伊兹尼弩"
"4173","01472244","equip","扎昆泊伊兹尼斗拳"
"4174","01082447","equip","扎昆的石拳"
"4175","01042257","equip","扎昆刺客衬衣"
"4176","01042256","equip","扎昆游侠斗篷"
"4177","01042255","equip","扎昆丹维奇长袍"
"4178","01042254","equip","扎昆战士盔甲"
"4179","01062168","equip","扎昆刺客短裤"
"4180","01062167","equip","扎昆游侠短裤"
"4181","01062166","equip","扎昆丹维奇短裤"
"4182","01062165","equip","扎昆战士短裤"
"4183","02430695","consume","卷轴箱子"
"4184","02001001","consume","棒棒冰"
"4185","02001002","consume","红豆刨冰"
"4186","01143343","title","黑洞级勋章"
"4187","01142575","title","财大气粗"
"4188","01142576","title","挥金如土"
"4189","01142577","title","行星级勋章"
"4190","01142578","title","银河级勋章"
"4191","01142579","title","星云级勋章"
"4192","04000159","material","紫刺豚的毒针"
"4193","04000156","material","海象尖牙"
"4194","04000157","material","海豹肉"
"4195","04000155","material","海狮皮革"
"4196","04000182","material","石灰粉瓶"
"4197","04000179","material","刺鳍鱼串"
"4198","04000181","material","冷冻鱼翅"
"4199","04000180","material","鲨鱼假牙"
"4200","04000167","material","坚硬的鳞片"
"4201","04000184","material","奶油烤章鱼"
"4202","04000183","material","墨汁瓶"
"4203","04000166","material","虾肉"
"4204","04000165","material","华丽的花瓣"
"4205","04000164","material","蓝泡泡翻车鱼之心"
"4206","04000160","material","刺针"
"4207","04000163","material","海马的角"
"4208","04000162","material","华丽的鳞皮"
"4209","04000161","material","海马的尾巴"
"4210","02020013","consume","驯鹿奶"
"4211","02020014","consume","清晨之露"
"4212","02001000","consume","西瓜"
"4213","02020015","consume","黄昏之露"
"4214","02020012","consume","酥干酪"
"4215","02022041","consume","黄金炸虾"
"4216","01402037","equip","龙背刃"
"4217","01452060","equip","绯红之弓"
"4218","01442068","equip","绯红弯刃"
"4219","01382060","equip","绯红法杖"
"4220","01472084","equip","蝙蝠怪的虎纹拳套"
"4221","01472083","equip","蝙蝠怪的龙之拳"
"4222","01462062","equip","蝙蝠怪的黑暗弩弓"
"4223","01462063","equip","蝙蝠怪的可撒之弩"
"4224","04250802","material","高等力量水晶"
"4225","04250902","material","高等智慧水晶"
"4226","04251002","material","高等幸运水晶"
"4227","04251102","material","高等敏捷水晶"
"4228","04251402","material","高等黑暗水晶"
"4229","04251202","material","五彩水晶"
"4230","04000175","material","皮亚奴斯模型"
"4231","01143183","title","VI贡献贵宾"
"4232","01372035","equip","火灵珠短杖"
"4233","01372037","equip","冰灵珠短杖"
"4234","01372038","equip","雷灵珠短杖"
"4235","01372039","equip","爆炎之杖"
"4236","01372041","equip","寒冰之杖"
"4237","01372042","equip","狂雷之杖"
"4238","01382045","equip","火灵珠长杖"
"4239","01382047","equip","冰灵珠长杖"
"4240","01382048","equip","雷灵珠长杖"
"4241","01382049","equip","朱雀长杖"
"4242","01382051","equip","白虎长杖"
"4243","01382052","equip","青龙长杖"
"4244","01113282","equip","至尊血戒"
"4245","01112613","equip","红十字高级血戒"
"4246","01112612","equip","红十字中级血戒"
"4247","01112608","equip","红十字低级血戒"
"4248","02046891","consume","至尊血卷"
"4249","02046892","consume","血戒MP卷轴60%"
"4250","02000024","consume","体质药水1"
"4251","02000025","consume","体质药水2"
"4252","02000026","consume","体质药水3"
"4253","02000027","consume","体质药水4"
"4254","02000028","consume","体质药水5"
"4255","02000029","consume","体质药水6"
"4256","02000030","consume","体质药水7"
"4257","02000031","consume","体质药水8"
"4258","02000032","consume","体质药水9"
"4259","02000033","consume","体质药水10"
"4260","01092046","equip","冒险岛战士盾牌"
"4261","01092047","equip","冒险岛飞侠盾牌"
"4262","01092049","equip","热情剑盾"
"4263","01092050","equip","冷艳剑盾"
"4264","04007007","material","魔法粉末(黑色)"
"4265","04007006","material","魔法粉末(红色)"
"4266","04007005","material","魔法粉末(紫色)"
"4267","04007004","material","魔法粉末(黄色)"
"4268","04007003","material","魔法粉末(绿色)"
"4269","04007002","material","魔法粉末(蓝色)"
"4270","04007001","material","魔法粉末(白色)"
"4271","04007000","material","魔法粉末(褐色)"
"4272","04130005","material","双手剑制作辅助剂"
"4273","04130004","material","单手钝器制作辅助剂"
"4274","04130003","material","单手斧制作辅助剂"
"4275","04130002","material","单手剑制作辅助剂"
"4276","04130001","material","鞋子制作辅助剂"
"4277","04130000","material","手套制作辅助剂"
"4278","04130015","material","拳套制作辅助剂"
"4279","04130014","material","短剑制作辅助剂"
"4280","04130013","material","弩制作辅助剂"
"4281","04130012","material","弓制作辅助剂"
"4282","04130011","material","长杖制作辅助剂"
"4283","04130010","material","短杖制作辅助剂"
"4284","04130009","material","矛制作辅助剂"
"4285","04130008","material","枪制作辅助剂"
"4286","04130007","material","双手钝器制作辅助剂"
"4287","04130006","material","双手斧制作辅助剂"
"4288","04000229","material","黑暗莱西毛球"
"4289","04000226","material","莱西毛球"
"4290","04000230","material","诅咒粉"
"4291","04000228","material","麻醉粉"
"4292","04000227","material","树果实"
"4293","04000260","material","侏儒怪的裤子"
"4294","04000261","material","邪恶侏儒怪的符咒"
"4295","04000231","material","变种侏儒怪的排笛"
"4296","04000234","material","半人马的骨头"
"4297","04000232","material","半人马的火花"
"4298","04000233","material","半人马的净水"
"4299","04031344","material","英雄之星"
"4300","04031512","material","英雄星勋章"
"4301","04031515","material","英雄星勋章"
"4302","04031518","material","英雄星勋章"
"4303","04031861","material","英雄之星"
"4304","04031479","material","世易兰的项链"
"4305","04031457","material","天鹰的翅膀"
"4306","04000243","material","格瑞芬多角"
"4307","04000244","material","蓝色双角龙的灵魂"
"4308","04000245","material","蓝色双角龙的鳞片"
"4309","04001076","material","喷火龙的集音气"
"4310","04001104","material","喷火龙的集音器"
"4311","04031343","material","英雄军章"
"4312","04031514","material","英雄五角星勋章"
"4313","04031517","material","英雄五角星勋章"
"4314","04031860","material","英雄五角星"
"4315","04031511","material","英雄五角星勋章"
"4316","04000235","material","喷火龙的尾巴"
"4317","04000238","material","哈维羽毛"
"4318","04000239","material","血腥哈维的王冠"
"4319","04000240","material","小火花羽毛"
"4320","04000241","material","邪恶绵羊嚼过的草"
"4321","04000242","material","恶魔绵羊尾巴"
"4322","04031871","material","坚硬的皮"
"4323","04000262","material","有裂痕的背壳"
"4324","04031872","material","石头的心脏"
"4325","04000263","material","红背壳"
"4326","04001075","material","蜥蜴龙战士的精髓"
"4327","04001103","material","蜥蜴龙战士的精璲"
"4328","04001079","material","坏掉的短刀"
"4329","04000266","material","木头护肩"
"4330","04000267","material","骷髅护肩"
"4331","04001077","material","坚韧的龙皮"
"4332","04001105","material","坚韧的龙屁"
"4333","04001078","material","恶龙的短刀"
"4334","04000264","material","犀牛龙的皮"
"4335","04000265","material","奇怪的卵"
"4336","04031485","material","飞龙的心脏"
"4337","04000268","material","飞龙的翅膀"
"4338","04000269","material","飞龙的腮"
"4339","04000270","material","飞龙的指甲"
"4340","04000274","material","断裂的角"
"4341","04000273","material","陈年老骨头"
"4342","04000271","material","破损的巢穴"
"4343","04000272","material","蛋壳碎片"
"4344","04000236","material","橡木甲虫角"
"4345","04000237","material","金属甲虫角"
"4346","04001086","material","敢死队名誉队员的象征"
"4347","04031348","material","秘咒"
"4348","04001430","material","黑龙之角"
"4349","02041200","consume","暗黑龙王石"
"4350","02022678","consume","黑龙箱子"
"4351","02000005","consume","超级药水"
"4352","01003175","equip","渡鸦之魂追踪者帽"
"4353","01003174","equip","鹰翼哨兵便帽"
"4354","01003173","equip","龙尾法师帽子"
"4355","01003172","equip","狮心战斗头盔"
"4356","01052317","equip","渡鸦之魂追踪者盔甲"
"4357","01052316","equip","鹰翼哨兵服"
"4358","01052315","equip","龙尾法师长袍"
"4359","01052314","equip","狮心战斗锁子甲"
"4360","01082298","equip","渡鸦之魂追踪者手套"
"4361","01082297","equip","鹰翼哨兵手套"
"4362","01082296","equip","龙尾法师手套"
"4363","01082295","equip","狮心战斗护腕"
"4364","01102278","equip","渡鸦之魂猎人披风"
"4365","01102277","equip","鹰翼哨兵披风"
"4366","01102276","equip","龙尾法师披风"
"4367","01102275","equip","狮心战斗披风"
"4368","01072488","equip","渡鸦之魂追踪者鞋"
"4369","01072487","equip","鹰翼哨兵鞋"
"4370","01072486","equip","龙尾法师鞋"
"4371","01072485","equip","狮心战斗鞋"
"4372","01332130","equip","渡鸦之魂短刀"
"4373","01302152","equip","狮心弯刀"
"4374","01402095","equip","狮心战斗弯刀"
"4375","01322096","equip","狮心震雷钉"
"4376","01312065","equip","狮心勇士斧"
"4377","01412065","equip","狮心战斗斧"
"4378","01432086","equip","狮心长枪"
"4379","01422066","equip","狮心巨锤"
"4380","01442116","equip","狮心矛"
"4381","01372084","equip","龙尾精灵短杖"
"4382","01382104","equip","龙尾战斗长杖"
"4383","01452111","equip","鹰翼组合弓"
"4384","01462099","equip","鹰翼重弩"
"4385","01472122","equip","渡鸦之魂钢铁拳套"
"4386","01012019","equip","圣诞鹿的鼻子【回避】"
"4387","01012018","equip","圣诞鹿的鼻子【魔防】"
"4388","01012017","equip","圣诞鹿的鼻子【魔力】"
"4389","01012016","equip","圣诞鹿的鼻子【防御】"
"4390","01012015","equip","圣诞鹿的鼻子【物理】"
"4391","01012014","equip","圣诞鹿的鼻子【运气】"
"4392","01012013","equip","圣诞鹿的鼻子【智力】"
"4393","01012012","equip","圣诞鹿的鼻子【敏捷】"
"4394","01012011","equip","圣诞鹿的鼻子【力量】"
"4395","01012161","equip","发光的鼻子"
"4396","01012061","equip","匹诺曹的鼻子【运气】"
"4397","01012060","equip","匹诺曹的鼻子【智力】"
"4398","01012059","equip","匹诺曹的鼻子【敏捷】"
"4399","01012058","equip","匹诺曹的鼻子【力量】"
"4400","01012073","equip","西瓜雪糕"
"4401","01012072","equip","甜瓜雪糕"
"4402","01012071","equip","巧克力雪糕"
"4403","01012070","equip","草莓雪糕"
"4404","01012543","equip","葡萄雪糕"
"4405","01012542","equip","葡萄柚雪糕"
"4406","01012541","equip","樱桃雪糕"
"4407","01012540","equip","柠檬雪糕"
"4408","01012132","equip","鸟嘴面饰"
"4409","01012056","equip","狗狗鼻"
"4410","01012414","equip","超越证明脸饰"
"4411","01012174","equip","恐怖鬼娃的伤口【5阶】"
"4412","01012173","equip","恐怖鬼娃的伤口【4阶】"
"4413","01012172","equip","恐怖鬼娃的伤口【3阶】"
"4414","01012171","equip","恐怖鬼娃的伤口【2阶】"
"4415","01012170","equip","恐怖鬼娃的伤口【1阶】"
"4416","01012191","equip","黑龙面巾"
"4417","01012190","equip","扎昆面巾"
"4418","01012189","equip","闹钟面巾"
"4419","01012188","equip","至尊面巾"
"4420","01012187","equip","破旧的面巾"
"4421","01012207","equip","红色舞会面具"
"4422","01012201","equip","舞会主角面具"
"4423","01012240","equip","热血面罩"
"4424","01012338","equip","僵尸猎人面具"
"4425","01012389","equip","忍者面罩"
"4426","01022047","equip","猫头鹰"
"4427","01022058","equip","狸猫"
"4428","01022060","equip","狐猴"
"4429","01022067","equip","至尊之眼"
"4430","01022115","equip","米卡埃拉的眼镜"
"4431","01022114","equip","米卡埃尔的眼镜"
"4432","01022132","equip","升级眼镜"
"4433","01022148","equip","神秘眼部装饰"
"4434","01022149","equip","风暴眼镜"
"4435","01022160","equip","瑞贝卡的古典眼镜"
"4436","01022163","equip","快速成长眼镜"
"4437","01022181","equip","基克洛普斯之眼"
"4438","01022237","equip","传说赏金猎人太阳眼镜"
"4439","01022236","equip","大师赏金猎人太阳眼镜"
"4440","01022235","equip","黑龙之眼"
"4441","01022234","equip","扎昆之眼"
"4442","01022233","equip","闹钟之眼"
"4443","02290000","consume","[能手册]磁石20"
"4444","02290001","consume","[能手册]磁石30"
"4445","02290002","consume","[能手册]阿基里斯20"
"4446","02290003","consume","[能手册]阿基里斯30"
"4447","02290004","consume","[能手册]突进 20"
"4448","02290005","consume","[能手册]突进 30"
"4449","02290006","consume","[能手册]稳如泰山 20"
"4450","02290007","consume","[能手册]稳如泰山 30"
"4451","02290008","consume","[能手册]进阶斗气 20"
"4452","02290009","consume","[能手册]进阶斗气 30"
"4453","02290010","consume","[能手册]轻舞飞扬 20"
"4454","02290011","consume","[能手册]轻舞飞扬 30"
"4455","02290012","consume","[能手册]连环环破 20"
"4456","02290013","consume","[能手册]连环环破 30"
"4457","02290014","consume","[能手册]寒冰掌 20"
"4458","02290015","consume","[能手册]寒冰掌 30"
"4459","02290016","consume","[能手册]葵花宝典 20"
"4460","02290017","consume","[能手册]葵花宝典 30"
"4461","02290018","consume","[能手册]圣灵之剑 20"
"4462","02290019","consume","[能手册]圣灵之剑 30"
"4463","02290020","consume","[能手册]圣域 20"
"4464","02290021","consume","[能手册]圣域 30"
"4465","02290022","consume","[能手册]恶龙附身 20"
"4466","02290023","consume","[能手册]恶龙附身 30"
"4467","02290024","consume","[能手册]魔法反击 20"
"4468","02290025","consume","[能手册]魔法反击 30"
"4469","02290026","consume","[能手册]创世之破 20"
"4470","02290027","consume","[能手册]创世之破 30"
"4471","02290028","consume","[能手册]终极无限 20"
"4472","02290029","consume","[能手册]终极无限 30"
"4473","02290030","consume","[能手册]连环爆破 20"
"4474","02290031","consume","[能手册]连环爆破 30"
"4475","02290032","consume","[能手册]链环闪电 20"
"4476","02290033","consume","[能手册]链环闪电 30"
"4477","02290034","consume","[能手册]圣灵之盾 20"
"4478","02290035","consume","[能手册]圣灵之盾 30"
"4479","02290036","consume","[能手册]火凤球 20"
"4480","02290037","consume","[能手册]火凤球 30"
"4481","02290038","consume","[能手册]冰破魔兽 20"
"4482","02290039","consume","[能手册]冰破魔兽 30"
"4483","02290040","consume","[能手册]天降落星 20"
"4484","02290041","consume","[能手册]天降落星 30"
"4485","02290042","consume","[能手册]冰凤球 20"
"4486","02290043","consume","[能手册]冰凤球 30"
"4487","02290044","consume","[能手册]火魔兽 20"
"4488","02290045","consume","[能手册]火魔兽 30"
"4489","02290046","consume","[能手册]落霜冰破 20"
"4490","02290047","consume","[能手册]落霜冰破 30"
"4491","02290048","consume","[能手册]圣光普照 20"
"4492","02290049","consume","[能手册]圣光普照 30"
"4493","02290050","consume","[能手册]光芒飞箭 20"
"4494","02290051","consume","[能手册]光芒飞箭 30"
"4495","02290052","consume","[能手册]火眼晶晶 20"
"4496","02290053","consume","[能手册]火眼晶晶 30"
"4497","02290054","consume","[能手册]飞龙冲击波 20"
"4498","02290055","consume","[能手册]飞龙冲击波 30"
"4499","02290056","consume","[能手册]神箭手 20"
"4500","02290057","consume","[能手册]神箭手 30"
"4501","02290058","consume","[能手册]击退箭 20"
"4502","02290059","consume","[能手册]击退箭 30"
"4503","02290060","consume","[能手册]暴风箭雨 20"
"4504","02290061","consume","[能手册]暴风箭雨 30"
"4505","02290062","consume","[能手册]火凤凰 20"
"4506","02290063","consume","[能手册]火凤凰 30"
"4507","02290064","consume","[能手册]集中精力 20"
"4508","02290065","consume","[能手册]集中精力 30"
"4509","02290066","consume","[能手册]神弩手 20"
"4510","02290067","consume","[能手册]神弩手 30"
"4511","02290068","consume","[能手册]刺眼箭 20"
"4512","02290069","consume","[能手册]刺眼箭 30"
"4513","02290070","consume","[能手册]穿透箭 20"
"4514","02290071","consume","[能手册]穿透箭 30"
"4515","02290072","consume","[能手册]冰破鹰 20"
"4516","02290073","consume","[能手册]冰破鹰 30"
"4517","02290074","consume","[能手册]一击要害箭 20"
"4518","02290075","consume","[能手册]一击要害箭 30"
"4519","02290076","consume","[能手册]假动作 20"
"4520","02290077","consume","[能手册]假动作 30"
"4521","02290078","consume","[能手册]武器用毒液 20"
"4522","02290079","consume","[能手册]武器用毒液 30"
"4523","02290080","consume","[能手册]挑衅 20"
"4524","02290081","consume","[能手册]挑衅 30"
"4525","02290082","consume","[能手册]忍者伏击 20"
"4526","02290083","consume","[能手册]忍者伏击 30"
"4527","02290084","consume","[能手册]三连环光击破 20"
"4528","02290085","consume","[能手册]三连环光击破 30"
"4529","02290086","consume","[能手册]忍者冲击 20"
"4530","02290087","consume","[能手册]忍者冲击 30"
"4531","02290088","consume","[能手册]暗器伤人 20"
"4532","02290089","consume","[能手册]暗器伤人 30"
"4533","02290090","consume","[能手册]一出双击 20"
"4534","02290091","consume","[能手册]一出双击 30"
"4535","02290092","consume","[能手册]暗杀 20"
"4536","02290093","consume","[能手册]暗杀 30"
"4537","02290094","consume","[能手册]烟雾弹 20"
"4538","02290095","consume","[能手册]烟雾弹 30"
"4539","02290096","consume","[能手册]冒险岛勇士 20"
"4540","02290125","consume","[能手册]冒险岛勇士 30"
"4541","02280003","consume","[技能册]冒险岛勇士"
"4542","02280004","consume","[技能册]终极无限"
"4543","02280005","consume","[技能册]飞龙冲击波"
"4544","02280006","consume","[技能册]挑衅"
"4545","02280007","consume","[技能册]进阶斗气"
"4546","02280008","consume","[技能册]万佛归一破"
"4547","02280009","consume","[技能册]光芒飞箭"
"4548","02280010","consume","[技能册]三连环光击破"
"4549","02280012","consume","[技能册]突进"
"4550","01143012","title","王级勋章"
"4551","04031342","material","转职证明书"
"4552","01122000","fashion","黑龙项环(时装)"
"4553","01122076","equip","进阶黑暗龙王项链[攻击]"
"4554","01032159","equip","黑暗耳环"
"4555","02290245","consume","[能手册]神秘能手册"
"4556","02049600","consume","还原卷轴100%"
"4557","02049628","consume","还原卷轴10%"
"4558","04001113","material","火凤凰的卵"
"4559","04001114","material","冰凤凰的卵"
"4560","04033358","material","魔法种子"
"4561","02280013","consume","[技能册]火凤凰"
"4562","02280014","consume","[技能册]冰凤凰"
"4563","01010000","fashion","褐色落腮胡"
"4564","01010001","fashion","黑胡子"
"4565","01010002","fashion","忍者口罩"
"4566","01010003","fashion","刮脸痕迹"
"4567","01010004","fashion","加勒比海盗胡子"
"4568","01010005","fashion","布鲁诺胡子"
"4569","01010006","fashion","流氓伤痕"
"4570","01010007","fashion","冷酷的脸型"
"4571","01011000","fashion","女忍者口罩"
"4572","01011001","fashion","SF忍者口罩"
"4573","01011002","fashion","心型标志"
"4574","01011003","fashion","雀斑"
"4575","01011006","fashion","朦胧的脸型"
"4576","01012000","fashion","伤痕"
"4577","01012001","fashion","印度僧点"
"4578","01012002","fashion","皮面罩"
"4579","01012003","fashion","红点"
"4580","01012004","fashion","颜面伪装"
"4581","01012005","fashion","青肿"
"4582","01012006","fashion","一枝玫瑰"
"4583","01012007","fashion","白胡子"
"4584","01012008","fashion","马赛克"
"4585","01012009","fashion","唇印"
"4586","01012010","fashion","大红点"
"4587","01012021","fashion","脸谱1"
"4588","01012022","fashion","脸谱2"
"4589","01012023","fashion","脸谱3"
"4590","01012024","fashion","优雅胡子"
"4591","01012025","fashion","印第安脸饰"
"4592","01012026","fashion","关公胡子"
"4593","01012027","fashion","OK绷"
"4594","01012028","fashion","脸红"
"4595","01012029","fashion","黑白小丑面具"
"4596","01012030","fashion","眼部疤痕"
"4597","01012031","fashion","叶子"
"4598","01012032","fashion","麦包"
"4599","01012033","fashion","脸部彩绘(英国)"
"4600","01012034","fashion","脸部彩绘(法国)"
"4601","01012035","fashion","脸部彩绘(巴西)"
"4602","01012036","fashion","脸部彩绘(德国)"
"4603","01012037","fashion","脸部彩绘(葡萄牙)"
"4604","01012038","fashion","脸部彩绘"
"4605","01012039","fashion","脸部彩绘(韩国)"
"4606","01012040","fashion","红心标"
"4607","01012044","fashion","木乃伊口罩"
"4608","01012047","fashion","伯爵的胡子"
"4609","01012048","fashion","怪医刀疤"
"4610","01012049","fashion","怪物面具"
"4611","01012050","fashion","科学怪人面具"
"4612","01012051","fashion","彩色小丑面具"
"4613","01012052","fashion","忍者卷轴"
"4614","01012053","fashion","愤怒"
"4615","01012054","fashion","绝望"
"4616","01012055","fashion","晒伤妆"
"4617","01012057","fashion","透明面具"
"4618","01012062","fashion","淡粉口红"
"4619","01012063","fashion","猫咪装"
"4620","01012074","fashion","吐舌头"
"4621","01012075","fashion","满头大汗"
"4622","01012076","fashion","微笑的假面"
"4623","01012077","fashion","哭泣的假面"
"4624","01012078","fashion","生气的假面"
"4625","01012079","fashion","郁闷的假面"
"4626","01012080","fashion","香肠嘴"
"4627","01012081","fashion","假面绅士面具"
"4628","01012082","fashion","红彤彤"
"4629","01012083","fashion","婴儿红"
"4630","01012084","fashion","小白鼠面妆"
"4631","01012085","fashion","草莓味口香糖"
"4632","01012086","fashion","小白鼠面妆"
"4633","01012088","fashion","小白鼠面妆"
"4634","01012096","fashion","苹果味口香糖"
"4635","01012097","fashion","彩带口哨"
"4636","01012099","fashion","蓝色腮红"
"4637","01012100","fashion","粉色粉扑"
"4638","01012104","fashion","透明面饰"
"4639","01012105","fashion","奶嘴"
"4640","01012114","fashion","脸部彩绘(中国)"
"4641","01012131","fashion","好白的牙"
"4642","01012134","fashion","泪滴"
"4643","01012137","fashion","星之印"
"4644","01012139","fashion","金达莱图标"
"4645","01012140","fashion","迎春花图标"
"4646","01012141","fashion","四叶草图标"
"4647","01012147","fashion","恐吓面具"
"4648","01012165","fashion","小丑鼻子"
"4649","01012176","fashion","娃娃脸(橘红色粉扑)"
"4650","01012179","fashion","鹿鼻子"
"4651","01012180","fashion","爱心巧克力"
"4652","01012192","fashion","影子面具"
"4653","01012208","fashion","害羞了"
"4654","01022001","fashion","紫色眼镜"
"4655","01022002","fashion","黄色眼镜"
"4656","01022003","fashion","绿色眼镜"
"4657","01022004","fashion","太阳镜"
"4658","01022005","fashion","红色宽边眼镜"
"4659","01022006","fashion","蓝色宽边眼镜"
"4660","01022007","fashion","绿色宽边眼镜"
"4661","01022008","fashion","橙色宽边眼镜"
"4662","01022009","fashion","神秘太阳镜"
"4663","01022010","fashion","太极面具"
"4664","01022011","fashion","红佐罗面具"
"4665","01022012","fashion","蓝佐罗面具"
"4666","01022013","fashion","黑佐罗面具"
"4667","01022014","fashion","褐色航空墨镜"
"4668","01022015","fashion","黑色航空墨镜"
"4669","01022016","fashion","青色航空墨镜"
"4670","01022017","fashion","紫色航空墨镜"
"4671","01022018","fashion","蒙面盗"
"4672","01022019","fashion","上班族眼镜"
"4673","01022020","fashion","金属眼镜"
"4674","01022021","fashion","晕呼呼红色眼镜"
"4675","01022022","fashion","晕呼呼绿色眼镜"
"4676","01022023","fashion","隐者眼罩"
"4677","01022024","fashion","骷髅眼罩"
"4678","01022025","fashion","心型眼罩"
"4679","01022026","fashion","星星眼罩"
"4680","01022027","fashion","卫生眼罩"
"4681","01022028","fashion","环形大鼻子眼镜"
"4682","01022029","fashion","环形猪鼻子眼镜"
"4683","01022030","fashion","黑叶式猫镜"
"4684","01022031","fashion","白时尚猫镜"
"4685","01022032","fashion","黄时尚猫镜"
"4686","01022033","fashion","老花镜"
"4687","01022034","fashion","博士镜"
"4688","01022035","fashion","橙色运动镜"
"4689","01022036","fashion","绿色运动镜"
"4690","01022037","fashion","无框方镜"
"4691","01022038","fashion","紫色哈里眼镜"
"4692","01022039","fashion","橙色哈里眼镜"
"4693","01022040","fashion","绅士镜"
"4694","01022041","fashion","蛤蟆镜"
"4695","01022042","fashion","太空镜"
"4696","01022043","fashion","绷带"
"4697","01022044","fashion","模范生眼镜"
"4698","01022045","fashion","红色眼罩"
"4699","01022046","fashion","蝴蝶假面"
"4700","01022048","fashion","透明眼饰"
"4701","01022049","fashion","碧绿眼镜"
"4702","01022050","fashion","黑复古眼镜"
"4703","01022051","fashion","红复古眼镜"
"4704","01022052","fashion","激光镜"
"4705","01022053","fashion","心心眼镜"
"4706","01022054","fashion","黑客帝国超绚眼镜"
"4707","01022055","fashion","时尚粗框眼镜"
"4708","01022056","fashion","时尚名流眼镜"
"4709","01022057","fashion","POP眼镜"
"4710","01022061","fashion","血染海盗眼罩"
"4711","01022062","fashion","骷髅海盗眼罩"
"4712","01022063","fashion","无框小圆眼镜"
"4713","01022064","fashion","时尚大太阳镜"
"4714","01022065","fashion","花蘑菇博士镜"
"4715","01022066","fashion","蓝海星眼镜"
"4716","01022068","fashion","百叶窗眼镜"
"4717","01022069","fashion","橘黄百叶窗"
"4718","01022070","fashion","绿油油百叶窗"
"4719","01022071","fashion","玫瑰红百叶窗"
"4720","01022072","fashion","黄色百叶窗"
"4721","01022074","fashion","佳佳眼镜"
"4722","01022075","fashion","糖果眼镜"
"4723","01022078","fashion","舞会假面"
"4724","01022079","fashion","透明眼镜"
"4725","01022083","fashion","我最IN－墨镜"
"4726","01022084","fashion","搞笑眼罩"
"4727","01022085","fashion","睡眠眼罩(粉色)"
"4728","01022086","fashion","睡眠眼罩(蓝色)"
"4729","01022087","fashion","F6眼罩"
"4730","01022095","fashion","见钱眼开"
"4731","01022102","fashion","LED炫光眼镜"
"4732","01022104","fashion","3D炫彩眼镜"
"4733","01022108","fashion","柠檬黄潮流眼镜"
"4734","01022109","fashion","玫瑰红潮流眼镜"
"4735","01022110","fashion","非主流墨镜"
"4736","01022120","fashion","旅行者的防风镜"
"4737","01022121","fashion","透视镜"
"4738","01022122","fashion","DJ眼镜"
"4739","01022123","fashion","坎特的潜水镜"
"4740","01022124","fashion","[派对]黑框眼镜"
"4741","01022125","fashion","[派对]圆眼镜"
"4742","01022126","fashion","[派对]闪闪眼镜"
"4743","01022135","fashion","萧公的熊猫眼饰"
"4744","01022136","fashion","呆呆熊猫眼饰"
"4745","01022137","fashion","神圣拯救者护目镜"
"4746","01022223","fashion","浪漫LED太阳镜"
"4747","01022229","fashion","VIP墨镜"
"4748","01022230","fashion","哈尼粉色玻璃眼镜"
"4749","01022241","fashion","蓝色的鬼火"
"4750","01022242","fashion","红色的鬼火"
"4751","01022243","fashion","甜甜圈眼镜"
"4752","01022244","fashion","戴米安眼罩"
"4753","5050004","consume","四转技能洗点箱"
"4754","023400001","consume","祝福卷轴[活动]"
"4755","020491221","consume","正向混沌[累充]"
"4756","020491161","consume","强化混沌卷轴[累充]"
"4757","04033303","material","暗黑龙王的鳞片"
"4758","01142969","title","冒险精神家"
"4759","01142504","title","天级勋章"
"4760","01142935","title","星辰级勋章"
"4761","01142802","title","超越级勋章"
"4762","02433507","consume","金币抽奖券"
"4763","02210003","consume","龙族变身秘药"
"4764","02433448","consume","转蛋宝箱"
"4765","02433449","consume","白银礼包"
"4766","02433450","consume","黄金礼包"
"4767","02431714","consume","新年烟花"
"4768","02433698","consume","新年礼炮"
"4769","02210025","consume","新年红包"
"4770","5050003","consume","三转技能洗点箱"
"4771","01051050","fashion","蓝色春节服"
"4772","01051051","fashion","粉红春节服"
"4773","01050065","fashion","深蓝春节服"
"4774","01050066","fashion","绿色春节服"
"4775","01142867","title","皇级勋章"
"4776","01142744","title","仙级勋章"
"4777","02049117","consume","强化混沌卷轴[增强]"
"4778","01122077","equip","进阶黑暗龙王项链[魔法]"
"4779","01032218","equip","魔族耳环"
"4780","04001432","material","春节时装兑换券"
"4781","02290206","consume","[能手册]强化圣龙 20"
"4782","02290207","consume","[能手册]强化圣龙 30"
"4783","02049118","consume","混沌卷轴[活动]"
"4784","01142580","title","星耀级勋章"
"4785","4999998","equip","自动拾取"
"4786","4999999","equip","自动补给HPMP"
"4787","5000066","equip","老虎"
"4788","04070000","consume","生命水"
"4789","5000032","equip","蓝龙"
"4790","5000033","equip","黑龙"
"4791","5000035","equip","红龙"
"4792","5000002","equip","粉红兔子"
"4793","5000005","equip","白色兔子"
"4794","5000011","equip","猴子"
"4795","5000012","equip","小白虎"
"4796","5000016","equip","云豹"
"4797","5000022","equip","火鸡"
"4798","5000038","equip","萌太郎"
"4799","5000048","equip","娃娃机器"
"4800","5000049","equip","自由高达"
"4801","5000050","equip","突击高达"
"4802","5000051","equip","神盾高达"
"4803","5000052","equip","金之高达"
"4804","5000053","equip","猩猩机器"
"4805","5000793","equip","流心蛋"
"4806","5000794","equip","白煮蛋"
"4807","5000795","equip","茶叶蛋"
"4808","01099008","equip","权能军团盾"
"4809","01099009","equip","极限军团盾"
"4810","01099015","equip","毁灭军团盾"
"4811","01099012","equip","银河之盾"
"4812","01099013","equip","黑色军团盾"
"4813","01099014","equip","寻宝精气之盾"
"4814","01098003","equip","大法灵魂盾"
"4815","01098004","equip","雷缇娜灵魂盾"
"4816","01802001","equip","黄色帽子"
"4817","01802002","equip","红色帽子"
"4818","01802003","equip","黑色帽子"
"4819","01802006","equip","蓝魔术帽"
"4820","01802007","equip","红魔术帽"
"4821","01802008","equip","圣诞鹿帽"
"4822","01802009","equip","圣诞树帽"
"4823","01802010","equip","猪猪蘑菇帽"
"4824","01802011","equip","雪犬防寒服"
"4825","01802012","equip","熊猫狗皮帽"
"4826","01802013","equip","兔子头巾"
"4827","01802015","equip","恐龙皇冠套装"
"4828","01802016","equip","李小龙服"
"4829","01802017","equip","猴子头巾"
"4830","01802018","equip","熊猫小丑装"
"4831","01802019","equip","麋鹿雪橇"
"4832","01802020","equip","盗侠白虎服"
"4833","01802021","equip","大象帽子"
"4834","01802024","equip","魔法白虎服"
"4835","01802025","equip","粉红兔子雪犬服"
"4836","01802029","equip","熊猫南瓜帽"
"4837","01802031","equip","牛仔套装"
"4838","01802053","equip","雪娃娃防寒衣"
"4839","01802066","equip","龙蛋壳"
"4840","01802081","equip","吉尼的天使之星"
"4841","01802082","equip","小懒虫"
"4842","01802084","equip","红宝石象冠"
"4843","01802221","equip","拉瓦那头盔"
"4844","01802340","equip","啾啾的帽子"
"4845","01802344","equip","鹦鹉提督帽"
"4846","01802365","equip","小海豹的毛线帽"
"4847","01802377","equip","拉瓦那头盔"
"4848","01802379","equip","可爱的兔子帽"
"4849","01802384","equip","米小熊兔耳"
"4850","01802385","equip","粉小熊娃娃帽"
"4851","01802393","equip","粉红蝴蝶结"
"4852","01802427","equip","蜜桃鲁提婴儿头巾"
"4853","01802428","equip","薄荷鲁提婴儿头巾"
"4854","01802429","equip","葡萄鲁提婴儿头巾"
"4855","01802447","equip","小蛇粉色绸带"
"4856","01802478","equip","快乐豆豆帽"
"4857","01802482","equip","粉红色企鹅君帽"
"4858","01802483","equip","紫色企鹅君帽"
"4859","01802484","equip","蓝色企鹅君帽"
"4860","01802493","equip","吉娃娃的兔耳猫"
"4861","01802500","equip","丽恩的王冠"
"4862","01802524","equip","BT狂的绒线帽"
"4863","01802000","equip","红丝带"
"4864","01802004","equip","粉红花边帽子"
"4865","01802005","equip","淡蓝花边帽子"
"4866","01802014","equip","小怪猫蝙蝠翼"
"4867","01802022","equip","阿拉丁马甲"
"4868","01802023","equip","摇滚型男假发"
"4869","01802026","equip","小企鹅王"
"4870","01802027","equip","骨头领带服"
"4871","01802028","equip","幽灵头巾"
"4872","01802030","equip","企鹅围巾耳罩"
"4873","01802032","equip","滑雪套装"
"4874","01802033","equip","蝙蝠魔套装"
"4875","01802034","equip","天使的翅膀"
"4876","01802035","equip","流浪儿套装"
"4877","01802036","equip","招财进宝袋"
"4878","01802037","equip","粉粉猪披肩"
"4879","01802038","equip","如意金箍棒"
"4880","01802039","equip","黄金猪猪福袋"
"4881","01802042","equip","BABY火鸡"
"4882","01802043","equip","九齿钉耙"
"4883","01802044","equip","祥龙装备"
"4884","01802045","equip","吉他镰刀"
"4885","01802047","equip","刺猬的太阳镜"
"4886","01802054","equip","嫩绿蘑菇帽"
"4887","01802055","equip","变异莲藕"
"4888","01802056","equip","机器进化宠小伙伴"
"4889","01802057","equip","黑色护目眼组"
"4890","01802058","equip","蓝石项圈"
"4891","01802059","equip","猴子囚服"
"4892","01802060","equip","水晶银圣诞鹿的天使翅膀"
"4893","01802062","equip","黑龙品克缤耳机"
"4894","01802063","equip","如虎添翼"
"4895","01802064","equip","小外星人的守护宠"
"4896","01802065","equip","啊呜啊呜的翅膀"
"4897","01802067","equip","玩具鸭的呼吸管"
"4898","01802068","equip","臭鼬的防具面具"
"4899","01802070","equip","飞行猫猫专用服"
"4900","01802072","equip","捉到的鱼"
"4901","01802073","equip","威尔士柯基狗装饰"
"4902","01802074","equip","雪橇手铐"
"4903","01802076","equip","小鲸鱼水手帽"
"4904","01802077","equip","小象皇冠"
"4905","01802078","equip","埃塞尔的花冠"
"4906","01802079","equip","幸运蜡烛"
"4907","01802080","equip","迪埃尔的三重冠"
"4908","01802083","equip","雪犬墨镜"
"4909","01802100","equip","宠物项圈"
"4910","01802220","equip","兔子耳朵"
"4911","01802337","equip","鲨鱼游泳圈"
"4912","01802338","equip","品克缤的耳机"
"4913","01802339","equip","威尔士的哔吆"
"4914","01802341","equip","阿德里亚诺的帽子"
"4915","01802342","equip","崩克的弹药筒"
"4916","01802343","equip","沙漠狐狸的星星围巾"
"4917","01802345","equip","企鹅围巾耳罩"
"4918","01802346","equip","恐怖的灵"
"4919","01802347","equip","寂静的灵"
"4920","01802348","equip","嫉妒的灵"
"4921","01802349","equip","龙珠"
"4922","01802350","equip","捉到的鱼"
"4923","01802351","equip","品克缤耳机"
"4924","01802352","equip","浣熊眼镜"
"4925","01802353","equip","桑丘的胡萝卜"
"4926","01802354","equip","黑暗灵魂的耳环"
"4927","01802366","equip","[宠物]小绵羊的黄金角"
"4928","01802367","equip","蝴蝶领结"
"4929","01802368","equip","冰槌"
"4930","01802369","equip","小恐怖"
"4931","01802370","equip","小月灵"
"4932","01802371","equip","小嫉妒"
"4933","01802372","equip","时髦太阳镜"
"4934","01802373","equip","玫瑰"
"4935","01802375","equip","[宠物]流星的尾巴"
"4936","01802376","equip","兔子耳朵"
"4937","01802378","equip","鲨鱼的游泳圈"
"4938","01802380","equip","[宠物]蓝色光环"
"4939","01802381","equip","[宠物]金色光环"
"4940","01802382","equip","[宠物]紫色光环"
"4941","01802386","equip","蓝小熊皇冠"
"4942","01802388","equip","黄卜"
"4943","01802389","equip","南瓜杰克魔法灯笼"
"4944","01802390","equip","南瓜奥克的魔法灯笼"
"4945","01802391","equip","南瓜兰顿的魔法灯笼"
"4946","01802392","equip","拳击手套"
"4947","01802394","equip","绿色考拉宝宝"
"4948","01802395","equip","黄色考拉宝宝"
"4949","01802396","equip","粉色考拉宝宝"
"4950","01802418","equip","阿伦的橡子"
"4951","01802419","equip","珉特的橡子"
"4952","01802420","equip","粉粉的橡子"
"4953","01802421","equip","诱惑之镜"
"4954","01802422","equip","半半的拐杖"
"4955","01802423","equip","皮埃尔的雨伞"
"4956","01802424","equip","提尔的天使光环"
"4957","01802425","equip","拉尔的天使光环"
"4958","01802426","equip","米尔的天使光环"
"4959","01802430","equip","黄色魔犬项圈"
"4960","01802431","equip","红色魔犬项圈"
"4961","01802432","equip","蓝色魔犬项圈"
"4962","01802433","equip","发光的角(红色)"
"4963","01802434","equip","发光的角(蓝色)"
"4964","01802435","equip","发光的角(紫色)"
"4965","01802436","equip","姜饼人领结"
"4966","01802444","equip","诱惑之镜"
"4967","01802445","equip","半半长杖"
"4968","01802446","equip","皮埃尔的雨伞"
"4969","01802448","equip","冰棒"
"4970","01802450","equip","爱因的玩具球"
"4971","01802451","equip","居里的马戏团球"
"4972","01802452","equip","牛顿的足球"
"4973","01802458","equip","夏日半半长杖"
"4974","01802459","equip","班雷昂的白蔷薇"
"4975","01802460","equip","奥尔卡帽子"
"4976","01802461","equip","希拉的小恶魔"
"4977","01802463","equip","袋鼠的拳击手套"
"4978","01802464","equip","葱头的叶子"
"4979","01802465","equip","朱头的叶子"
"4980","01802466","equip","黑头的叶子"
"4981","01802467","equip","贝勒德的宝石"
"4982","01802471","equip","紫色小南瓜"
"4983","01802472","equip","绿色小南瓜"
"4984","01802473","equip","黑色小南瓜"
"4985","01802475","equip","猕猴桃泡芙翅膀"
"4986","01802476","equip","草莓泡芙的翅膀"
"4987","01802477","equip","芒果泡芙的翅膀"
"4988","01802479","equip","小拉伊项链"
"4989","01802480","equip","小波波围巾"
"4990","01802481","equip","小阿尔铃铛"
"4991","01802488","equip","浮云背包"
"4992","01802489","equip","科学怪狗的装备"
"4993","01802490","equip","蝙蝠凹凸曼"
"4994","01802491","equip","小阿琅的发带"
"4995","01802497","equip","黑龙满月"
"4996","01802498","equip","草莓乳酪"
"4997","01802501","equip","红之心"
"4998","01802502","equip","蓝之野心"
"4999","01802503","equip","蜥蜴的彩虹"
"5000","01802504","equip","橙色电光板"
"5001","01802505","equip","紫色电光板"
"5002","01802509","equip","小亚敏帽"
"5003","01802510","equip","斯乌的光芒之翼"
"5004","01802511","equip","奥尔卡吊瓶"
"5005","01802512","equip","格里梅尔的熊宝宝"
"5006","01802519","equip","羊咩咩的蝴蝶结铃铛"
"5007","01802520","equip","绿抹茶君的薄荷叶"
"5008","01802521","equip","红茶妹的茶勺"
"5009","01802522","equip","咖啡弟的鲜奶油"
"5010","01802526","equip","迅猛羊之铁剑"
"5011","01802527","equip","魔法羊之手杖"
"5012","01802528","equip","宽恕羊之治愈棒"
"5013","01802529","equip","美味的薄荷叶"
"5014","01802530","equip","埃尔文狗狗的项链"
"5015","01802531","equip","莉莉喵的丝带"
"5016","01802532","equip","小猫奈落的毛线球"
"5017","01802533","equip","彩虹小马的王冠"
"5018","01802534","equip","草莓熊马卡龙的叉子"
"5019","01802535","equip","香蕉熊马卡龙的叉子"
"5020","01802536","equip","曲奇熊马卡龙的叉子"
"5021","01802539","equip","奶油海豹王子墨镜"
"5022","01802540","equip","香草海豹王子墨镜"
"5023","01802541","equip","草莓海豹王子墨镜"
"5024","01802542","equip","魔力鸭漂亮蝴蝶结"
"5025","01802543","equip","奈落的变身套装"
"5026","01802544","equip","奶酪的紫色毛线球"
"5027","01802545","equip","三顺的祖母绿毛线球"
"5028","01802546","equip","猫鼬非洲传统乐器"
"5029","01802547","equip","小肥喵的黑色领结"
"5030","01802548","equip","海绵蛋糕的诱惑"
"5031","01802549","equip","嘎嘣派的诱惑"
"5032","01802550","equip","糖果宝宝的诱惑"
"5033","01802551","equip","小扎昆的黑色墨镜"
"5034","01802552","equip","蓝蓝背带裤"
"5035","01802568","equip","3只小胖鸟"
"5036","02023128","consume","金色药水"
"5037","02023126","consume","绿色药水"
"5038","02539001","consume","奖池晶石"
"5039","04009453","material","副本碎片"
"5040","02532000","consume","宠物帽子5%"
"5041","02535001","consume","宠物帽子药水20%"
"5042","02533000","consume","宠物饰品5%"
"5043","02535000","consume","宠物饰品药水20%"
"5044","05061000","consume","封印之锁（7天）"
"5045","05061001","consume","封印之锁（30天）"
"5046","05061002","consume","封印之锁（90天）"
"5047","05061003","consume","封印之锁（365天）"
"5048","04033517","consume","钥神"
"5049","01114811","equip","冒险岛王者之戒"
"5050","01114812","equip","冒险岛皇者之戒"
"5051","01114813","equip","冒险岛霸者之戒"
"5052","01114814","equip","冒险岛仙之戒"
"5053","01114815","equip","冒险岛神之戒"
"5054","01114816","equip","造化金章"
"5055","01114817","equip","光阴长河"
"5056","01114818","equip","不周山魄"
"5057","01114819","equip","焚天琉璃"
"5058","01114820","equip","寰宇共尊"
"5059","02434911","material","不老草"
"5060","03996032","material","茂盛的不老草"
"5061","04140002","consume","用不老草制成的护身符"
"5062","04120000","consume","护身符"
"5063","05131000","consume","VIP护身符"
"5064","04140301","material","引路者的谢礼"
"5065","5000212","equip","火红小恶魔"
"5066","5000213","equip","幽青小恶魔"
"5067","5000214","equip","雷黄小恶魔"
"5068","5000290","equip","天使提尔"
"5069","5000291","equip","天使拉尔"
"5070","5000292","equip","天使米尔"
"5071","5000296","equip","恶魔小红"
"5072","5000297","equip","恶魔小蓝"
"5073","5000298","equip","恶魔小紫"
"5074","5000300","equip","魔犬伊珀斯"
"5075","5000301","equip","魔犬纱兹"
"5076","5000302","equip","魔犬奥斯"
"5077","5000320","equip","铠鼠爱因"
"5078","5000321","equip","铠鼠居里"
"5079","5000322","equip","铠鼠牛顿"
"5080","5000330","equip","小班·雷昂"
"5081","5000332","equip","小希拉"
"5082","5000345","equip","贝勒德"
"5083","5000369","equip","小拉伊"
"5084","5000383","equip","小阿琅"
"5085","5000982","equip","小希纳斯"
"5086","02431946","consume","副本宝箱"
"5087","02049360","consume","普通强化卷轴"
"5088","02049793","consume","高级强化卷轴"
"5089","05064000","consume","防爆卷轴"
"5090","01122018","fashion","精灵吊坠(绝版)"
"5091","02434752","consume","低级时装碎片盲盒"
"5092","02434753","consume","中级时装碎片盲盒"
"5093","02434754","consume","高级时装碎片盲盒"
"5094","01113085","equip","扎昆传说指环"
"5095","01113086","equip","南瓜传说指环"
"5096","01113084","equip","黑龙传说指环"
"5097","01112135","fashion","水墨花名片戒指"
"5098","01112146","fashion","青苹果名片戒指"
"5099","01112152","fashion","蓝莓名片戒指"
"5100","01112153","fashion","草莓名片戒指"
"5101","01112155","fashion","青蛙名片戒指"
"5102","01112156","fashion","猪猪名片戒指"
"5103","01112159","fashion","非洲之星名片戒指"
"5104","01112164","fashion","夏日甜心名片戒指"
"5105","01112171","fashion","狗狗名片戒指(白)"
"5106","01112172","fashion","狗狗名片戒指（棕）"
"5107","01112177","fashion","名签戒指(进击的巨人)"
"5108","01112178","fashion","梦境雪景名片戒指"
"5109","01112179","fashion","雪花圣诞名片戒指"
"5110","01112180","fashion","血盟友情名片戒指"
"5111","01112195","fashion","绿恐龙名片戒指"
"5112","01112197","fashion","晚安小怪兽名片戒指"
"5113","01112198","fashion","吃货小怪兽名片戒指"
"5114","01112199","fashion","雪人的红围巾名片戒指"
"5115","01115352","fashion",""
"5116","01115360","fashion","烈焰戒指"
"5117","01115361","fashion","致命毒素名片戒指"
"5118","01115364","fashion","熊猫懒洋洋名片戒指"
"5119","01115365","fashion","白熊懒洋洋名片戒指"
"5120","01115376","fashion","卡莉名片戒指"
"5121","01115380","fashion","霓虹钻石名片戒指"
"5122","02040727","consume","鞋子防滑卷轴10%"
"5123","01112140","fashion","白银贵宾名片戒指"
"5124","01112139","fashion","黄金贵宾名片戒指"
"5125","01112138","fashion","钻石贵宾名片戒指"
"5126","05360014","consume","双倍爆率卡[3小时权]"
"5127","05360000","consume","双倍爆率卡[24小时权]"
"5128","05360016","consume","双倍爆率卡[7天权]"
"5129","04001231","material","圣诞拐杖"
"5130","04001395","material","圣诞节袜子礼物"
"5131","04001473","material","圣诞树装饰"
"5132","04001779","material","圣诞节装饰"
"5133","02040926","consume","盾牌体力卷轴"
"5134","01051006","equip","黑飞影甲"
"5135","02040923","consume","盾牌运气卷轴"
"5136","01002004","equip","褐色战斗头盔"
"5137","01050002","equip","红魔力长袍"
"5138","01322014","equip","大战斗锤"
"5139","01002013","equip","孙悟空头箍"
"5140","01002419","equip","枫叶帽"
"5141","01051007","equip","红飞影甲"
"5142","01432004","equip","长八蛇矛"
"5143","01312008","equip","树灵之斧"
"5144","02044901","consume","短枪攻击卷轴60%"
"5145","02041018","consume","披风敏捷卷轴"
"5146","01332029","equip","双古剑"
"5147","01302011","equip","奇型刀"
"5148","02044902","consume","短枪攻击卷轴10%"
"5149","01372033","equip","圣贤短杖"
"5150","01002101","equip","旧锂矿诺曼头盔"
"5151","02040318","consume","耳环敏捷卷轴10%"
"5152","02040622","consume","裤裙体力卷轴10%"
"5153","01082122","equip","魔力蓝手套"
"5154","01082109","equip","红天使手套"
"5155","01050082","equip","蓝白银铠甲"
"5156","01442030","equip","枫之雪板"
"5157","04000404","material","金人钝器"
"5158","01082116","equip","马尔斯红拳套"
"5159","01072182","equip","蓝飞翼鞋"
"5160","01082114","equip","马尔斯蓝拳套"
"5161","01462011","equip","炎帝弩弓"
"5162","01082128","equip","裂天手套(绿)"
"5163","01050083","equip","黑白银铠甲"
"5164","01082115","equip","马尔斯绿拳套"
"5165","01040112","equip","蓝色崇高服"
"5166","01060101","equip","蓝色崇高裤"
"5167","01041117","equip","紫扣带护甲"
"5168","01061116","equip","粉色霹雳裤"
"5169","01082132","equip","杰斯特手套(绿)"
"5170","02040317","consume","耳环敏捷卷轴60%"
"5171","02040929","consume","盾牌力量卷轴"
"5172","01082121","equip","魔力绿手套"
"5173","01041115","equip","蓝扣带护甲"
"5174","01061114","equip","蓝色霹雳裤"
"5175","01082125","equip","弦影手套(红)"
"5176","01082131","equip","杰斯特手套(蓝)"
"5177","01402015","equip","亚历山大之剑"
"5178","01050081","equip","红白银铠甲"
"5179","01072185","equip","黑飞翼鞋"
"5180","01082119","equip","德古拉紫手套"
"5181","01462012","equip","金天弩弓"
"5182","01061115","equip","褐色霹雳裤"
"5183","01041116","equip","褐扣带护甲"
"5184","01082134","equip","杰斯特手套(黑)"
"5185","02040427","consume","上衣运气卷轴"
"5186","01462020","equip","烈焰之弩"
"5187","01442002","equip","月灵戟"
"5188","04031172","material","玩具城奖牌"
"5189","04031473","material","异界钥匙"
"5190","04031496","material","异界钥匙"
"5191","04031474","material","灵魂契约书"
"5192","04000151","material","时间门神的袖标"
"5193","02022003","consume","烤鳗鱼"
"5194","01082123","equip","魔力青手套"
"5195","01051095","equip","蓝祭司长袍"
"5196","01002403","equip","鹰眼头盔(蓝)"
"5197","01061119","equip","粉色虎头裙"
"5198","01041120","equip","紫贵族铠甲"
"5199","01072213","equip","侠盗长靴(绿)"
"5200","02020000","consume","沙拉"
"5201","02040530","consume","全身盔甲力量卷轴"
"5202","01002084","equip","将军青头盔"
"5203","02040620","consume","裤裙体力卷轴"
"5204","02040623","consume","裤裙敏捷卷轴"
"5205","01082118","equip","德古拉蓝手套 "
"5206","01082142","equip","幻光手套(蓝)"
"5207","01332023","equip","黑精灵拳刃"
"5208","01082112","equip","黑天使手套"
"5209","01051096","equip","红祭司长袍"
"5210","01040111","equip","绿色崇高服"
"5211","01060100","equip","绿色崇高裤"
"5212","01082133","equip","杰斯特手套(红)"
"5213","02041009","consume","披风魔力卷轴"
"5214","01050080","equip","绿白银铠甲"
"5215","01082110","equip","蓝天使手套"
"5216","01041121","equip","黑贵族铠甲"
"5217","01061120","equip","红色虎头裙"
"5218","01072203","equip","夜精灵靴(红)"
"5219","01082143","equip","幻光手套(紫)"
"5220","02040823","consume","手套体力卷轴"
"5221","04031176","material","时空裂缝的碎片A"
"5222","04031177","material","时空裂缝的碎片B"
"5223","04031178","material","时空裂缝的碎片C"
"5224","04000150","material","时间鬼王的冰块"
"5225","01462010","equip","沧海弩弓"
"5226","01082120","equip","德古拉红手套"
"5227","01072183","equip","红飞翼鞋"
"5228","01082117","equip","马尔斯黑拳套"
"5229","01061118","equip","绿色虎头裙"
"5230","01041119","equip","绿贵族铠甲"
"5231","01082130","equip","裂天手套(紫)"
"5232","02000007","consume","红色药丸"
"5233","01050109","equip","绿顽童服"
"5234","01002404","equip","鹰眼头盔(绿)"
"5235","01040113","equip","黑色崇高服"
"5236","01060102","equip","黑色崇高裤"
"5237","01072227","equip","飞羽鞋(红)"
"5238","02040512","consume","全身铠甲智力卷轴"
"5239","01002532","equip","黑色格莱西头盔"
"5240","01072205","equip","夜精灵靴(黑)"
"5241","01082144","equip","幻光手套(红)"
"5242","01052128","equip","功勋海盗服"
"5243","01051097","equip","黑祭司长袍"
"5244","01002366","equip","圣职帽(黑)"
"5245","01082210","equip","深红护腕"
"5246","01452017","equip","魔翼之弓"
"5247","01402016","equip","所罗门之剑"
"5248","01002405","equip","鹰眼头盔(黑)"
"5249","01072315","equip","指挥官"
"5250","01041118","equip","红扣带护甲"
"5251","01061117","equip","红色霹雳裤"
"5252","01002326","equip","红扣带帽"
"5253","01482011","equip","三刃雪钩"
"5254","01092036","equip","绿色臂盾"
"5255","01082141","equip","混天手套(褐)"
"5256","01050105","equip","灰幻魔长袍"
"5257","01051093","equip","黑侠盗服"
"5258","01082127","equip","弦影手套(黑)"
"5259","01002643","equip","血海头巾"
"5260","01051103","equip","红幻魔长袍"
"5261","01002378","equip","龙纹头盔(蓝)"
"5262","01082135","equip","侠盗手套(蓝)"
"5263","01051107","equip","红飞羽服"
"5264","01462017","equip","黑暗圣鹞弩"
"5265","01040121","equip","蓝龙纹战甲"
"5266","01041124","equip","黑龙纹战甲"
"5267","01002400","equip","杰斯特帽(红)"
"5268","01072214","equip","侠盗长靴(蓝)"
"5269","01082213","equip","骷髅手套"
"5270","01051091","equip","蓝侠盗服"
"5271","01082140","equip","混天手套(紫)"
"5272","01050104","equip","红幻魔长袍"
"5273","01002407","equip","飞羽帽(蓝)"
"5274","01060111","equip","黑龙纹裤"
"5275","01061123","equip","黑龙纹裙"
"5276","01072222","equip","龙纹战靴(灰)"
"5277","01082154","equip","幻魔手套(黑)"
"5278","01050108","equip","红飞羽服"
"5279","01002382","equip","侠盗帽(红)"
"5280","01051104","equip","灰幻魔长袍"
"5281","02388041","material","玄冰独角兽卡片"
"5282","01452021","equip","天鹰弓(黑)"
"5283","01072221","equip","龙纹战靴(蓝)"
"5284","01082153","equip","幻魔手套(红)"
"5285","01002381","equip","侠盗帽(蓝)"
"5286","01072225","equip","杰斯特鞋(红)"
"5287","01082158","equip","红色条纹手套"
"5288","01050099","equip","黑侠盗服"
"5289","01002646","equip","船长帽"
"5290","01002401","equip","杰斯特帽(黑)"
"5291","01072229","equip","飞羽鞋(绿)"
"5292","01082138","equip","侠盗手套(黑)"
"5293","02041008","consume","披风体力卷轴10%"
"5294","01040122","equip","黑龙纹战甲"
"5295","01072216","equip","侠盗长靴(黑)"
"5296","01072226","equip","杰斯特鞋(灰)"
"5297","01082160","equip","绿色条纹手套"
"5298","02020028","consume","巧克力"
"5299","01050011","equip","黑龙袍"
"5300","01002083","equip","黑头巾"
"5301","01061091","equip","红钢玉裙"
"5302","01072291","equip","圆头木鞋"
"5303","01002128","equip","蓝自由之帽"
"5304","04001006","material","火焰羽毛"
"5305","02000004","consume","特殊药水"
"5306","04000402","material","银人心"
"5307","01002365","equip","圣职帽(红)"
"5308","01082129","equip","裂天手套(紫)"
"5309","01072223","equip","杰斯特鞋(绿)"
"5310","01002530","equip","红色格莱西头盔"
"5311","01050098","equip","红侠盗服"
"5312","01041122","equip","绿龙纹战甲"
"5313","01061121","equip","绿龙纹裙"
"5314","01051101","equip","绿幻魔长袍"
"5315","01082136","equip","侠盗手套(绿)"
"5316","01002406","equip","飞羽帽(红)"
"5317","01050097","equip","蓝侠盗服"
"5318","01082139","equip","混天手套(黄)"
"5319","01082152","equip","幻魔手套(蓝)"
"5320","01002380","equip","侠盗帽(绿)"
"5321","01051102","equip","蓝幻魔长袍"
"5322","01060109","equip","绿龙纹裤"
"5323","01082151","equip","幻魔手套(绿)"
"5324","01072215","equip","侠盗长靴(红)"
"5325","02000011","consume","活力神药"
"5326","02040613","consume","裤裙敏捷卷轴60%"
"5327","01051039","equip","红贵族礼服"
"5328","02020006","consume","热狗堡"
"5329","02000010","consume","蓝色药丸"
"5330","02002009","consume","敏捷药丸"
"5331","02000009","consume","白色药丸"
"5332","01402017","equip","船长佩剑"
"5333","01442037","equip","黄龙刀"
"5334","01002059","equip","青铜海王头盔"
"5335","01402033","equip","霸王剑"
"5336","01382028","equip","死灵法杖"
"5337","04021020","material","混沌碎片"
"5338","04020013","material","梦境碎片"
"5339","04000658","material","灵魂吊坠"
"5340","02022000","consume","矿泉水"
"5342","01342007","equip","万血刀"
"5343","01092037","equip","紫色臂盾"
"5344","01002364","equip","圣职帽(蓝)"
"5345","04032927","material","华丽的剑"
"5346","02001527","consume","烤鳗鱼"
"5347","01050107","equip","蓝飞羽服"
"5348","01051106","equip","蓝飞羽服"
"5349","01342008","equip","流星刀"
"5350","04000657","material","风之吊坠"
"5351","01002531","equip","银色格莱西头盔"
"5352","02001528","consume","酥干酪"
"5353","02001531","consume","清晨之露[作废]"
"5354","01051105","equip","绿飞羽服"
"5355","01052072","equip","黑色格丽纳"
"5356","04000656","material","闪电吊坠"
"5357","01051092","equip","红侠盗服"
"5358","04000655","material","火焰吊坠"
"5359","01082126","equip","弦影手套(绿)"
"5360","01072273","equip","青龙长鞋"
"5361","01452020","equip","天鹰弓(黄)"
"5362","04000654","material","黑暗吊坠"
"5363","01050106","equip","绿飞羽服"
"5364","01072269","equip","红猎人鞋"
"5365","04000653","material","骑士团护肩"
"5366","01002324","equip","褐扣带帽"
"5367","01060110","equip","蓝龙纹裤"
"5368","01002773","equip","金龙头盔"
"5369","01072268","equip","蓝色元素鞋"
"5370","01462015","equip","光圣鹞弩(白)"
"5371","01002550","equip","黑色格莱西头盔"
"5372","01050096","equip","绿侠盗服"
"5373","04000652","material","骑士团手套"
"5374","01002323","equip","蓝扣带帽"
"5375","01072228","equip","飞羽鞋(蓝)"
"5376","04000651","material","骑士团头巾"
"5377","01332026","equip","闪电刃"
"5378","01072204","equip","夜精灵靴(绿)"
"5379","01051094","equip","绿祭司长袍"
"5380","04032926","material","斯坦的信"
"5381","04000650","material","骑士团长袍"
"5382","04032941","material","让人发笑的书"
"5383","04000649","material","骑士团面罩"
"5384","01002363","equip","圣职帽(绿)"
"5385","04032922","material","希纳斯骑士团徽章"
"5386","01002051","equip","青铜头盔"
"5387","01312003","equip","锂矿斧"
"5388","02002002","consume","魔力神水"
"5389","01002146","equip","红提贝之帽"
"5390","01332009","equip","偃月刃"
"5391","01051005","equip","红贤者之袍"
"5392","01072051","equip","银战斗鞋"
"5393","02002003","consume","强效魔力水"
"5394","01412000","equip","双手斧"
"5395","01002096","equip","蓝星头巾"
"5396","01372031","equip","圣贤短杖"
"5397","02041007","consume","披风体力卷轴60%"
"5398","01002150","equip","黑提贝之帽"
"5399","02002004","consume","攻击神水"
"5400","01040082","equip","树林之影"
"5401","01002023","equip","枪骑士头盔"
"5402","02041011","consume","披风魔力卷轴10%"
"5403","01002080","equip","红头巾"
"5404","04000401","material","铜人念珠"
"5405","04000394","material","白虎尾巴"
"5406","01082111","equip","绿天使手套"
"5407","04000395","material","巨鹰羽毛"
"5408","02002001","consume","速度药水"
"5409","01002529","equip","蓝色格莱西头盔"
"5410","01050102","equip","绿幻魔长袍"
"5411","01002398","equip","杰斯特帽(绿)"
"5412","04000407","material","铜人心"
"5413","01002377","equip","龙纹头盔(绿)"
"5414","01050103","equip","蓝幻魔长袍"
"5415","04000106","material","玩具熊猫的棉花团"
"5416","04000107","material","玩具熊猫的黄色丝带"
"5417","04000108","material","熊猫娃娃"
"5418","04000109","material","玩具小鸭"
"5419","04000110","material","木马骑兵的剑"
"5420","04000111","material","便宜的电池"
"5421","04000112","material","机器心脏"
"5422","04000113","material","表配件"
"5423","04000114","material","小桌表"
"5424","04000115","material","齿轮"
"5425","04000128","material","黄小丑的帽子"
"5426","04000129","material","红小丑的小珠"
"5427","04000130","material","时之鬼兵的挂钟"
"5428","04000131","material","时之鬼将的石片"
"5429","04000132","material","蓝帽海贼的舵"
"5430","04000133","material","绿帽海贼的发动机"
"5431","04000134","material","大海贼的帆"
"5432","04000135","material","大海贼王的帽子"
"5433","04000143","material","僵尸娃娃"
"5434","04000144","material","自由灵魂"
"5435","04000145","material","被封印的挂钟"
"5436","04000146","material","死恶的灵魂"
"5437","04000147","material","被封印的僵尸娃娃"
"5438","04000148","material","束缚之手"
"5439","04000149","material","被封印的缸子"
"5440","04000152","material","黑甲凶灵的袖标"
"5441","04000187","material","鸡爪"
"5442","04000188","material","鸭蛋"
"5443","04000189","material","羊毛"
"5444","04000190","material","山羊角"
"5445","04000191","material","黑山羊角"
"5446","04000192","material","鼻环"
"5447","04000193","material","犁杖"
"5448","04000194","material","黑羊毛"
"5449","04000252","material","鸡肉"
"5450","04000253","material","白色鸡蛋"
"5451","04000366","material","废纸"
"5452","04000367","material","可回收水瓶"
"5453","04000368","material","破损的翅膀"
"5454","04000369","material","停车标识"
"5455","04000370","material","金属杆"
"5456","04000371","material","限速标识"
"5457","04000372","material","灭火器"
"5458","04000373","material","墨汁"
"5459","04000374","material","头灯"
"5460","04000375","material","轮胎"
"5461","04000376","material","电池"
"5462","04000377","material","一小块粪便"
"5463","04000378","material","一大块粪便"
"5464","04000379","material","绿色精华"
"5465","04000380","material","粉色精华"
"5466","04000382","material","蓝色精华"
"5467","04000383","material","红色精华"
"5468","04000393","material","黑熊指甲"
"5469","04000396","material","飞贼护手"
"5470","04000397","material","飞贼腿带"
"5471","04000398","material","木鱼珠"
"5472","04000403","material","玉佛珠"
"5473","04000405","material","银人钝器"
"5474","04000406","material","金人心"
"5475","04000429","material","玻璃汗珠"
"5476","04000430","material","怪虫迪波之角"
"5477","04000431","material","蚯蚓之尾"
"5478","04000432","material","青苔岩石"
"5479","04000433","material","油罐"
"5480","04000434","material","大花草"
"5481","04000443","material","裂开的沙漏"
"5482","04000444","material","绿色衣襟"
"5483","04000445","material","绿色高帽"
"5484","04000446","material","笑脸面具"
"5485","04000447","material","绿色头盔"
"5486","04000448","material","绿色心脏"
"5487","04000449","material","蓝色衣襟"
"5488","04000450","material","蓝色高帽"
"5489","04000451","material","无表情面具"
"5490","04000452","material","蓝色头盔"
"5491","04000453","material","蓝色心脏"
"5492","04000454","material","红色衣襟"
"5493","04000455","material","红色高帽"
"5494","04000456","material","哭脸面具"
"5495","04000457","material","红色头盔"
"5496","04000458","material","红色心脏"
"5497","04000459","material","黑色盔甲碎片"
"5498","04000460","material","古代头盔"
"5499","04000461","material","骑士面具"
"5500","04000462","material","守护兽之角"
"5501","04000465","material","椰子壳"
"5502","04000466","material","长木弦琴"
"5503","04000467","material","金色假发"
"5504","04000468","material","遗失的轮胎"
"5505","04000469","material","围巾"
"5506","04000470","material","高帽"
"5507","04000471","material","影子地狱猎犬骑士"
"5508","04000472","material","蛇笛"
"5509","04000473","material","凹木桶"
"5510","04000474","material","幸运帽"
"5511","04000475","material","幸运车票"
"5512","04000476","material","玩具飞机"
"5513","04000477","material","海盗头盔"
"5514","04000478","material","木制马尾"
"5515","04031115","material","特殊电池"
"5516","04031159","material","冒险岛古书<下>"
"5517","04031170","material","泰可源"
"5518","04031171","material","神秘粉末"
"5519","04031175","material","泰可因"
"5520","04031189","material","欧洛拉球"
"5521","04031193","material","灵魂搜集器"
"5522","04031195","material","欧洛拉球"
"5523","04031453","material","魔方阵"
"5524","04031458","material","黑甲凶灵的黑色旋风"
"5525","04031675","material","时光手表"
"5526","04031873","material","大海贼的旗帜"
"5527","04031874","material","大海贼王的证章"
"5528","01302059","equip","狂龙闪电剑"
"5529","01402036","equip","飞龙巨剑"
"5530","01412026","equip","炼狱魔龙斧"
"5531","01312031","equip","狂龙怒斩"
"5532","01322052","equip","狂龙地锤"
"5533","01422028","equip","金龙轰天锤"
"5534","01432038","equip","盘龙七冲枪"
"5535","01442045","equip","血龙神斧"
"5536","01332049","equip","蝉翼龙牙破"
"5537","01332050","equip","半月龙鳞裂"
"5538","01472051","equip","寒木升龙拳"
"5539","01452044","equip","金龙振翅弓"
"5540","01462039","equip","黄金飞龙弩"
"5541","01372032","equip","佘太君龙杖"
"5542","01382036","equip","黑精灵王杖"
"5543","01472052","equip","碧水落龙拳"
"5544","01472068","equip","黑龙大悲赋"
"5545","01332073","equip","黑龙狂鲨锯"
"5546","01102172","equip","黑龙不灭披风"
"5547","01332074","equip","黑龙断首刃"
"5548","01092059","equip","黑龙匿踪盾"
"5549","01082237","equip","黑龙探云手套"
"5550","01072358","equip","黑龙舞空靴"
"5551","01052158","equip","黑龙翻云服"
"5552","01002779","equip","黑龙迷踪帽"
"5553","01462050","equip","黑龙冥雷弩"
"5554","01452057","equip","黑龙惊电弓"
"5555","01082236","equip","黑龙白云手套"
"5556","01072357","equip","黑龙彩虹鞋"
"5557","01052157","equip","黑龙巡礼者"
"5558","01002778","equip","黑龙霓翎帽"
"5559","01442063","equip","黑龙神光戟"
"5560","01432047","equip","黑龙显圣枪"
"5561","01422037","equip","黑龙威震天"
"5562","01412033","equip","黑龙碎鼋斧"
"5563","01402046","equip","黑龙玄冥剑"
"5564","01322060","equip","黑龙惊破天"
"5565","01312037","equip","黑龙断蚺斧"
"5566","01302081","equip","黑龙破甲剑"
"5567","01092058","equip","黑龙寒冰盾"
"5568","01082234","equip","黑龙定边手套"
"5569","01072355","equip","黑龙坚壁靴"
"5570","01052155","equip","黑龙演武铠"
"5571","01002776","equip","黑龙冠军盔"
"5572","01382057","equip","黑龙冰轮杖"
"5573","01372044","equip","黑龙蝶翼杖"
"5574","01092057","equip","黑龙魔光盾"
"5575","01082235","equip","黑龙逍遥手套"
"5576","01072356","equip","黑龙鞋"
"5577","01052156","equip","黑龙奥神袍"
"5578","01002777","equip","黑龙玄妙帽"
"5579","01132000","equip","白色腰带"
"5580","01132001","equip","黄色腰带"
"5581","01132002","equip","蓝色腰带"
"5582","01132003","equip","红色腰带"
"5583","01132004","equip","黑贺腰带"
"5584","01132005","equip","白色曲奇腰带"
"5585","01132006","equip","黄色曲奇腰带"
"5586","01132007","equip","蓝色曲奇腰带"
"5587","01132008","equip","红色曲奇腰带"
"5588","01132009","equip","紫色曲奇腰带"
"5589","01132012","equip","法老的腰带"
"5590","01132013","equip","不灭的法老腰带"
"5591","01132112","equip","武公的黄腰带"
"5592","01132113","equip","武公的蓝腰带"
"5593","01132114","equip","武公的红腰带"
"5594","01132115","equip","武公的黑腰带"
"5595","01132156","equip","天照的腰带"
"5596","01132157","equip","大山祇神的腰带"
"5597","01132158","equip","天钿女命的腰带"
"5598","01132159","equip","月夜见尊的腰带"
"5599","01132161","equip","风暴腰带"
"5600","01132162","equip","至尊腰带"
"5601","01132164","equip","赫里希安精锐战士腰"
"5602","01132165","equip","赫里希安精锐法师腰带"
"5603","01132166","equip","赫里希安精锐弓箭手腰带"
"5604","01132167","equip","赫里希安精锐飞侠腰带"
"5605","01132211","equip","冒险岛王者腰带"
"5606","01132212","equip","冒险岛皇者腰带"
"5607","01132213","equip","冒险岛霸者腰带"
"5608","01132214","equip","冒险岛仙王腰带"
"5609","01132215","equip","冒险岛神王腰带"
"5610","01132296","equip","愤怒的扎昆腰带"
"5615","01152203","equip","心意肩饰"
"5616","01152001","equip","黑虎爪"
"5617","01152009","equip","黑暗虎爪"
"5618","01152046","equip","坚韧闪亮皇家护肩"
"5619","01152047","equip","智慧闪亮皇家护肩"
"5620","01152048","equip","锐利闪亮皇家护肩"
"5621","01152049","equip","幸运闪亮皇家护肩"
"5622","01152082","equip","黑龙肩章"
"5623","01152094","equip","天照的肩章"
"5624","01152095","equip","大山祇神的肩章"
"5625","01152096","equip","天钿女命的肩章"
"5626","01152097","equip","月夜见尊的肩章"
"5627","01152099","equip","风暴肩章"
"5628","01152108","equip","狮心战斗护肩"
"5629","01152109","equip","2013运动会优胜组肩章"
"5630","01152110","equip","龙尾法师护肩"
"5631","01152111","equip","鹰翼哨兵护肩"
"5632","01152112","equip","渡鸦之魂猎人护肩"
"5633","01152120","equip","冒险岛王者之肩"
"5634","01152121","equip","冒险岛皇者之肩"
"5635","01152122","equip","冒险岛霸者之肩"
"5636","01152123","equip","冒险岛仙之肩"
"5637","01152124","equip","冒险岛神之肩"
"5638","01152135","equip","绯红肩章"
"5639","01152154","equip","巨匠护肩"
"5640","04031179","material","时空裂缝的碎片D"
"5641","02000019","consume",""
"5643","02046829","consume","时装强化卷"
"5644","02046830","consume","超级时装强化卷"
"5645","02046857","consume","终极时装强化卷"
"5646","02439137","consume","低级时装卷轴精华"
"5647","02439138","consume","中级时装卷轴精华"
"5648","02439139","consume","高级时装卷轴精华"
"5656","01432066","equip","贝伦之枪"
"5657","01442088","equip","紫龙偃月刀"
"5664","01452058","equip","水精灵弓"
"5665","01462076","equip","地狱之弩"
"5666","01472144","equip","神龙神秘护腕"
"5667","01402114","equip","神龙阿斯卡隆圣剑"
"5668","01402205","equip","凯瑟利安"
"5669","01412128","equip","终极蝶翼斧"
"5670","01422131","equip","终极巨锤"
"5675","02040738","consume","鞋子智力卷轴10%"
"5676","02040739","consume","鞋子智力卷轴60%"
"5677","04001084","material","帕普拉图斯的象征"
"5678","5000000","equip","雪橇犬"
"5679","01008900","fashion","皮肤1"
"5681","01008901","fashion","皮肤2"
"5682","01008906","fashion","皮肤3"
"5683","01008910","fashion","皮肤4"
"5684","01008913","fashion","皮肤5"
"5685","01008918","fashion","皮肤6"
"5686","01008923","fashion",""
"5687","01008926","fashion","皮肤7"
"5688","01008927","fashion","皮肤8"
"5689","01008929","fashion",""
"5690","01008933","fashion","皮肤9"
"5691","01008942","fashion","皮肤10"
"5692","01008946","fashion","皮肤11"
"5693","01008948","fashion","皮肤12"
"5694","01008950","fashion","皮肤13"
"5695","01008953","fashion","皮肤14"
"5696","01008955","fashion","皮肤15"
"5697","01008956","fashion","皮肤16"
"5698","01008959","fashion","皮肤17"
"5699","01008960","fashion","皮肤18"
"5700","01009911","fashion","皮肤19"
"5701","01009912","fashion","皮肤20"
"5702","01009913","fashion","皮肤21"
"5703","01009914","fashion","皮肤22"
"5704","01009915","fashion","皮肤23"
"5705","01009916","fashion","皮肤24"
"5706","01009917","fashion","皮肤25"
"5707","01009918","fashion","皮肤26"
"5708","01009919","fashion","皮肤27"
"5709","01009920","fashion","皮肤28"
"5710","01009921","fashion",""
"5711","01009922","fashion","皮肤29"
"5712","01009923","fashion","皮肤30"
"5713","01009924","fashion","皮肤31"
"5714","01009925","fashion","皮肤32"
"5715","01009926","fashion","皮肤33"
"5716","01009927","fashion","皮肤34"
"5717","01009928","fashion","皮肤35"
"5718","01009929","fashion","皮肤36"
"5719","01009930","fashion","皮肤37"
"5720","01009931","fashion","皮肤38"
"5721","01009932","fashion","皮肤39"
"5722","01009933","fashion","皮肤40"
"5723","01009934","fashion","皮肤41"
"5724","01009935","fashion","皮肤42"
"5725","01009936","fashion","皮肤43"
"5726","01009937","fashion","皮肤44"
"5727","01009938","fashion","皮肤45"
"5728","01009939","fashion","皮肤46"
"5729","01009940","fashion","皮肤47"
"5730","01009941","fashion","皮肤48"
"5731","01009942","fashion","皮肤49"
"5732","01009943","fashion","皮肤50"
"5733","01009944","fashion","皮肤51"
"5734","01009946","fashion","皮肤52"
"5735","01009947","fashion","皮肤53"
"5736","01009948","fashion","皮肤54"
"5737","01009949","fashion","皮肤55"
"5738","01009950","fashion","皮肤56"
"5739","01009951","fashion","皮肤57"
"5740","01009952","fashion","皮肤58"
"5741","01009953","fashion","皮肤59"
"5742","01009954","fashion","皮肤60"
"5743","01009955","fashion","皮肤61"
"5744","01009956","fashion","皮肤62"
"5745","01009957","fashion","皮肤63"
"5746","01009958","fashion","皮肤64"
"5747","01009959","fashion","皮肤65"
"5748","01009960","fashion","皮肤66"
"5749","01009961","fashion","皮肤67"
"5750","01009962","fashion","皮肤68"
"5751","01009963","fashion","皮肤69"
"5752","01009964","fashion",""
"5753","01009965","fashion","皮肤70"
"5754","01009966","fashion","皮肤71"
"5755","01009967","fashion","皮肤72"
"5756","01009968","fashion",""
"5757","01009969","fashion","皮肤73"
"5758","01009970","fashion","皮肤74"
"5759","01009971","fashion","皮肤75"
"5760","01009972","fashion","皮肤76"
"5761","01009973","fashion",""
"5762","01009974","fashion","皮肤77"
"5763","01009975","fashion","皮肤78"
"5764","01009976","fashion","皮肤79"
"5765","01009977","fashion","皮肤80"
"5766","01009978","fashion","皮肤81"
"5767","01009979","fashion","皮肤82"
"5768","01009980","fashion","皮肤83"
"5769","01009981","fashion",""
"5770","01009982","fashion","皮肤84"
"5771","01009983","fashion","皮肤85"
"5772","01009984","fashion",""
"5773","01009985","fashion","皮肤86"
"5774","01009986","fashion","皮肤87"
"5775","01009987","fashion","皮肤88"
"5776","01009988","fashion","皮肤89"
"5777","01009989","fashion","皮肤90"
"5778","01009990","fashion",""
"5779","01009991","fashion","皮肤91"
"5780","01009992","fashion","皮肤92"
"5781","01009993","fashion","皮肤93"
"5782","01009994","fashion","皮肤94"
"5783","01009995","fashion","皮肤95"
"5784","01009996","fashion","皮肤96"
"5785","01009997","fashion","皮肤97"
"5786","01009998","fashion","皮肤98"
"5787","01009999","fashion","皮肤99"
"5800","02434757","consume","皮肤盲盒"
"5801","01202193","consume","吸怪石碑"
"5802","05570000","consume","金锤子"
"5803","01703193","fashion","(限定)百裂刀"
"5804","01703214","fashion","黑水剑"
"5810","100000080","consume","100万金币"
"5811","100000081","consume","成长礼盒(30级)"
"5812","100000082","consume","成长礼盒(50级)"
"5813","100000083","consume","成长礼盒(70级)"
"5814","100000084","consume","成长礼盒(120级)"
"5815","100000085","consume","成长礼盒(150级)"
"5816","100000086","consume","累计充值礼盒(100)"
"5817","100000087","consume","累计充值礼盒(300)"
"5818","100000088","consume","累计充值礼盒(500)"
"5819","100000089","consume","累计充值礼盒(800)"
"5820","100000090","consume","累计充值礼盒(1000)"
"5821","100000091","consume","累计充值礼盒(2000)"
"5822","100000092","consume","累计充值礼盒(3000)"
"5823","100000093","consume","累计充值礼盒(5000)"
"5824","100000094","consume","累计充值礼盒(10000)"
"5825","100000095","consume","累计充值礼盒(20000)"
"5826","100000096","consume","累计充值礼盒(30000)"
"5827","100000097","consume","累计充值礼盒(50000)"
"5828","100000098","consume","至尊会员自选武器礼包"
"5829","05211060","consume","三倍经验卡[一天权]"
"5830","100000079","consume","成长礼盒(10级)"
"5836","02022041_1","consume","黄金炸虾"
"5837","02001002_1","consume","红豆刨冰"
"5838","02001000_1","consume","西瓜"
"5839","02020013_1","consume","驯鹿奶（绑定）"
"5840","02020014_1","consume","清晨之露（绑定）"
"5841","100000099","consume","卷轴自选礼包"
"5842","01122000_1","fashion","黑龙项环1级(时装)"
"5843","01122000_2","fashion","黑龙项环2级(时装)"
"5844","01122000_3","fashion","黑龙项环3级(时装)"
"5845","01202193_1","consume","体验吸怪石碑(1天)"
"5846","01202193_2","consume","会员吸怪石碑(30天)"
"5847","01202193_3","consume","至尊吸怪石碑(永久)"
"5852","02340000_1","consume","祝福卷轴（绑定）"
"5853","02430530","consume","低级皮肤盲盒"
"5854","02430531","consume","中级皮肤盲盒"
"5855","02430532","consume","高级皮肤盲盒"
"5856","02430533","consume","皮肤盲盒"
"5857","02043302_100","consume","短剑攻击卷轴100%成功"
"5858","02043802_100","consume","长杖魔力卷轴100%成功"
"5859","02044002_100","consume","双手剑攻击卷轴100%成功"
"5860","02044102_100","consume","双手斧攻击卷轴100%成功"
"5861","02044202_100","consume","双手钝器攻击卷轴100%成功"
"5862","02044302_100","consume","枪攻击卷轴100%成功"
"5863","02044402_100","consume","矛攻击卷轴100%成功"
"5864","02044502_100","consume","弓攻击卷轴100%成功"
"5865","02044602_100","consume","弩攻击卷轴100%成功"
"5866","02044702_100","consume","拳套攻击卷轴100%成功"
"5867","02040805_100","consume","手套攻击卷轴100%成功"
"5868","02040534_100","consume","全身盔甲攻击卷轴100%成功"
"5869","02041014_100","consume","披风攻击卷轴100%成功"
"5870","02040915_100","consume","盾牌攻击卷轴100%成功"
"5871","05210001_1","consume","双倍经验卡[七天权]（绑定）"
"5872","05360000_1","consume","双倍爆率卡[24小时权]（绑定）"
"5874","01041021","equip","褐十字军甲"
"5875","01452066","equip","蝙蝠怪的马蓝艾伦弓"
"5876","01051004","equip","紫贤者之袍"
"5877","01332032","equip","圣诞树"
"5878","01002131","equip","绿自由之帽"
"5879","01462061","equip","蝙蝠怪的金天弩弓"
"5880","01041020","equip","绿十字军甲"
"5881","01041019","equip","红十字军甲"
"5882","01042097","equip","印花休闲套头T恤"
"5883","01080003","equip","大贡献"
"5884","01332084","equip","蝙蝠怪的小妖精刀"
"5885","01002129","equip","褐自由之帽"
"5886","01002127","equip","红自由之帽"
"5887","01002130","equip","黑自由之帽"
"5888","01051003","equip","褐贤者之袍"
"5889","01080002","equip","小贡献"
"5890","02000024_1","consume","体质药水1（绑定）"
"5891","05064000_1","consume","防爆卷轴（绑定）"
"5892","100000100","consume","累计充值礼盒(50)"
"5895","100000073","consume","自选技能册（母本）"
"5896","01022245","equip","进阶扎昆眼饰"
"5897","01012544","equip","进阶扎昆脸饰"
"5898","01032338","equip","进阶扎昆耳环"
"5899","01052164","equip","进阶扎昆套服"
"5900","01072361","equip","进阶扎昆鞋子"
"5901","01472071","equip","进阶扎昆拳套"
"5902","01332075","equip","进阶扎昆短刀"
"5903","01452059","equip","进阶扎昆弓"
"5904","01462051","equip","进阶扎昆弩"
"5905","01432049","equip","进阶扎昆枪"
"5906","01442067","equip","进阶扎昆矛"
"5907","01382059","equip","进阶扎昆法杖"
"5908","01402047","equip","进阶扎昆双手剑"
"5909","04032339","material","进阶扎昆的宝玉"
"5910","04032187","consume","潜能洗练之证(初级)"
"5911","01122330","equip","进阶扎昆吊坠"
